"","group","s__Methanobrevibacter_smithii","s__Actinobaculum_massiliense","s__Actinomyces_europaeus","s__Actinomyces_neuii","s__Actinomyces_radingae","s__Actinomyces_turicensis","s__Actinotignum_schaalii","s__Actinotignum_timonense","s__Adlercreutzia_equolifaciens","s__Aeriscardovia_aeriphila","s__Aerococcus_christensenii","s__Aerococcus_sanguinicola","s__Aerococcus_urinae","s__Alistipes_putredinis","s__Alloscardovia_omnicolens","s__Anaerococcus_hydrogenalis","s__Anaerococcus_lactolyticus","s__Anaerococcus_nagyae","s__Anaerococcus_octavius","s__Anaerococcus_prevotii","s__Anaerococcus_vaginalis","s__Anaeroglobus_geminatus","s__Anaerostipes_hadrus","s__Asaccharobacter_celatus","s__Atopobium_deltae","s__Atopobium_minutum","s__Atopobium_parvulum","s__Atopobium_rimae","s__Atopobium_vaginae","s__Bacteroides_caccae","s__Bacteroides_coagulans","s__Bacteroides_fragilis","s__Bacteroides_uniformis","s__Bacteroides_vulgatus","s__Bifidobacterium_breve","s__Bifidobacterium_dentium","s__Bifidobacterium_longum","s__Bifidobacterium_pseudocatenulatum","s__Blautia_obeum","s__Blautia_wexlerae","s__Brevibacterium_ravenspurgense","s__Campylobacter_hominis","s__Campylobacter_ureolyticus","s__Collinsella_aerofaciens","s__Corynebacterium_afermentans","s__Corynebacterium_amycolatum","s__Corynebacterium_aurimucosum","s__Corynebacterium_coyleae","s__Corynebacterium_frankenforstense","s__Corynebacterium_glucuronolyticum","s__Corynebacterium_imitans","s__Corynebacterium_kefirresidentii","s__Corynebacterium_pseudogenitalium","s__Corynebacterium_pyruviciproducens","s__Corynebacterium_riegelii","s__Corynebacterium_simulans","s__Corynebacterium_sp_NML130628","s__Corynebacterium_sp_NML140438","s__Corynebacterium_striatum","s__Corynebacterium_tuberculostearicum","s__Corynebacterium_tuscaniense","s__Corynebacterium_urealyticum","s__Criibacterium_bergeronii","s__Cutibacterium_avidum","s__Dermabacter_hominis","s__Dialister_invisus","s__Dialister_micraerophilus","s__Dialister_pneumosintes","s__Dorea_longicatena","s__Dorea_sp_CAG_317","s__Eggerthella_lenta","s__Enterococcus_faecalis","s__Escherichia_coli","s__Eubacterium_eligens","s__Eubacterium_hallii","s__Eubacterium_rectale","s__Facklamia_hominis","s__Facklamia_ignava","s__Facklamia_languida","s__Faecalibacterium_prausnitzii","s__Finegoldia_magna","s__Fusobacterium_nucleatum","s__Gardnerella_vaginalis","s__Gemella_asaccharolytica","s__Globicatella_sanguinis","s__Gordonibacter_pamelaeae","s__Klebsiella_pneumoniae","s__Klebsiella_quasipneumoniae","s__Klebsiella_variicola","s__Kocuria_kristinae","s__Lactobacillus_coleohominis","s__Lactobacillus_crispatus","s__Lactobacillus_gasseri","s__Lactobacillus_iners","s__Lactobacillus_jensenii","s__Lactobacillus_paragasseri","s__Lactobacillus_rhamnosus","s__Lactobacillus_vaginalis","s__Lawsonella_clevelandensis","s__Megasphaera_micronuciformis","s__Mobiluncus_curtisii","s__Negativicoccus_succinicivorans","s__Oligella_urethralis","s__Parvimonas_micra","s__Peptococcus_niger","s__Peptoniphilus_coxii","s__Peptoniphilus_duerdenii","s__Peptoniphilus_harei","s__Peptoniphilus_lacrimalis","s__Peptoniphilus_sp_BV3C26","s__Peptoniphilus_sp_DNF00840","s__Peptoniphilus_sp_HMSC062D09","s__Peptostreptococcus_anaerobius","s__Porphyromonas_asaccharolytica","s__Porphyromonas_sp_HMSC065F10","s__Porphyromonas_uenonis","s__Prevotella_bergensis","s__Prevotella_bivia","s__Prevotella_buccalis","s__Prevotella_colorans","s__Prevotella_corporis","s__Prevotella_disiens","s__Prevotella_sp_S7_1_8","s__Prevotella_timonensis","s__Propionimicrobium_lymphophilum","s__Pseudoglutamicibacter_albus","s__Pseudoglutamicibacter_cumminsii","s__Rothia_mucilaginosa","s__Ruminococcus_bromii","s__Ruminococcus_gnavus","s__Slackia_exigua","s__Staphylococcus_aureus","s__Staphylococcus_epidermidis","s__Staphylococcus_haemolyticus","s__Staphylococcus_hominis","s__Staphylococcus_lugdunensis","s__Staphylococcus_pasteuri","s__Staphylococcus_pettenkoferi","s__Staphylococcus_simulans","s__Staphylococcus_warneri","s__Streptococcus_agalactiae","s__Streptococcus_anginosus_group","s__Streptococcus_gordonii","s__Streptococcus_infantis","s__Streptococcus_mitis","s__Streptococcus_oralis","s__Streptococcus_parasanguinis","s__Streptococcus_salivarius","s__Streptococcus_sp_HMSC034E03","s__Streptococcus_thermophilus","s__Streptococcus_vestibularis","s__Trueperella_bernardiae","s__Ureaplasma_parvum","s__Varibaculum_cambriense","s__Veillonella_atypica","s__Veillonella_parvula","s__Veillonellaceae_bacterium_DNF00626","s__Candida_albicans","s__Malassezia_globosa","s__Acinetobacter_phage_Bphi_B1251","s__Alcelaphine_gammaherpesvirus_1","s__Ateline_gammaherpesvirus_3","s__Betapapillomavirus_1","s__Cyprinid_herpesvirus_3","s__Enterococcus_phage_EF62phi","s__Enterococcus_phage_phiEf11","s__Erwinia_phage_ENT90","s__Escherichia_virus_P1","s__Human_endogenous_retrovirus_K","s__Human_polyomavirus_1","s__Human_polyomavirus_5","s__Lactobacillus_phage_phiadh","s__Microbacterium_phage_Min1","s__Phage_Gifsy_1","s__Phage_Gifsy_2","s__Pseudomonas_phage_Lu11","s__Salmonella_phage_Fels_1","s__Staphylococcus_phage_2638A","s__Staphylococcus_phage_StB27","s__Streptococcus_phage_phiNJ2"
"1",1,73022,24806,889,0,255,6353,0,906,8608,0,0,0,0,7510,0,6590,0,0,0,3654,5597,0,82428,8104,0,2147,0,0,0,0,0,11191,25544,7120,0,0,0,0,27288,38047,0,0,0,101872,0,9304,25529,0,0,0,0,0,1903,35436,0,19920,160,0,0,0,0,0,0,0,278,0,391,0,3222,3908,981,1150,1455,16823,16766,486,3513,0,0,44456,143643,1162,0,0,0,1861,637,0,0,0,0,0,0,0,0,0,2737,0,0,0,0,1389,0,842,1091,2696,1028,40133,2111,0,0,0,0,0,0,0,0,0,305,0,0,0,0,20781,462,0,0,957,101187,0,0,0,16402,6673,0,531,0,0,0,0,0,224412,0,0,7336,13398,0,2276,294,35982,24446,0,0,19142,0,6359,0,0,0,0,0,0,0,0,0,0,0,0,0,10,0,0,0,0,0,0,0,0,0,0
"2",1,0,1233,0,0,0,0,121,0,0,0,0,0,0,0,0,0,0,0,0,0,0,0,0,0,0,0,0,0,0,0,0,0,0,0,0,3661,0,0,0,4656,0,0,0,0,0,0,0,0,0,0,0,0,0,0,0,0,0,0,0,0,0,0,0,0,0,0,0,0,0,238,0,19696,14766,854,0,0,1336,0,0,0,2004,0,0,0,0,0,0,0,0,0,0,0,135687,0,0,0,0,0,0,0,0,0,0,0,0,0,0,450,0,0,0,0,0,0,0,0,0,0,0,0,0,0,0,0,0,0,0,0,0,0,0,0,22478,0,0,0,0,0,0,0,0,195693,0,0,5239,0,0,0,0,0,0,0,0,0,0,0,0,0,0,29,100,0,0,0,0,0,0,0,0,0,0,0,0,0,0,0,0,0,0,0
"3",1,0,0,0,0,0,0,0,0,0,0,0,0,0,0,0,0,0,0,0,0,0,0,0,0,0,0,0,0,0,0,0,0,0,0,0,0,0,0,0,0,0,0,0,0,0,0,0,0,0,0,0,0,0,0,0,0,0,0,0,0,0,0,0,0,0,0,0,0,0,0,0,0,0,0,0,0,0,0,0,0,641,0,0,0,0,0,0,0,604,0,0,9961472,0,0,0,0,0,0,0,0,0,0,0,0,0,0,0,0,0,0,0,0,0,0,0,0,0,0,0,0,0,0,0,0,0,0,0,0,0,0,0,0,0,0,0,0,0,0,0,0,0,0,0,0,0,0,0,0,0,0,0,0,0,0,0,0,0,41971,0,63,0,0,0,0,0,0,0,0,0,0,0,0,0,0,0,0,0,0,0,0
"4",1,0,819830,582,0,0,1720,0,672364,0,0,0,7946,759970,0,0,0,731879,0,0,1626,7167,0,0,0,0,40805,0,0,17323,0,1011,0,0,0,0,0,0,0,0,0,0,0,108714,0,0,0,0,0,0,0,0,0,0,25568,0,0,1134,5830,0,0,0,0,0,0,0,0,11030,0,0,0,0,0,0,0,0,0,115855,362368,0,0,46164,0,0,936,0,0,0,0,0,0,0,0,0,0,0,0,0,0,6042,0,0,0,0,0,0,96161,27705,543866,2075,0,240,0,0,0,78561,0,0,0,1481063,0,0,0,0,26019,608895,0,0,0,0,0,0,0,0,0,0,357,0,0,0,0,0,0,0,0,0,0,0,0,0,0,0,0,0,3171,0,0,0,0,0,0,0,0,0,0,0,0,0,0,0,0,0,0,0,0,0,0,0,0,42,0
"5",1,0,0,3588,3951,14665,0,382,0,0,0,0,0,2169,0,0,178,0,0,0,0,0,0,0,0,0,0,0,0,0,0,0,0,0,0,0,0,0,0,0,0,0,0,0,0,0,0,0,0,0,0,0,0,3682,754896,0,29631,0,0,0,0,0,0,0,1220,1799,0,0,0,0,0,265,217865,1453,0,0,0,0,0,0,0,841529,0,0,0,0,0,4052,1582,0,0,0,0,0,0,0,0,0,0,819,0,1171,0,0,0,251,0,0,30752,0,0,0,0,0,0,0,0,0,0,0,0,0,0,0,0,0,0,0,0,0,0,0,0,146958,2231,0,0,0,0,0,0,0,2016,0,0,0,2361,0,0,0,0,0,0,0,94525,0,0,0,0,0,0,0,0,7,73,0,0,0,0,27,0,0,0,0,0,0,0,0,0,0,0
"6",1,0,0,21349,119,42521,48173,0,2999,0,0,0,903,29901,0,0,372,936,0,0,918,6053,0,0,0,13705,87820,0,0,0,0,26178,0,0,0,13664,0,0,0,0,0,0,0,15654,0,0,18730,26349,192244,0,0,115,0,0,64413,14473,71177,0,0,0,0,0,0,8163,1596,1348,0,36753,0,0,0,0,0,0,0,0,0,74623,55299,667,0,749273,43284,33865728,0,0,0,0,0,0,2399,0,8524074,0,3464692,0,3675,0,0,11012,0,1283,1034,2479,0,648,278996,12030,680680,51728,1109,0,10974,6144,76,41611,0,0,71886,357192,7515,0,314257,1103,129263,489326,0,0,0,0,0,0,0,0,13787,0,0,0,0,65,832,1804,147436,0,0,0,0,0,0,0,0,0,12821,0,171874,0,0,0,0,0,0,0,0,0,0,0,0,0,0,0,0,0,0,0,0,0,0,0,0,67,0
"7",1,0,0,0,120,0,0,0,442073,0,278,0,0,8016,0,0,0,0,0,0,0,0,0,0,0,0,0,0,0,0,0,0,0,0,0,0,0,4616962,0,0,0,0,0,0,0,0,0,0,0,0,0,0,0,0,347156,0,469,0,0,0,0,0,0,0,0,0,0,4020,0,0,0,0,0,0,0,0,0,2086,0,0,0,34528,0,0,0,0,0,0,0,0,0,0,0,0,0,0,0,0,0,310,0,0,0,0,0,0,0,0,12819,306,0,0,1328,0,0,321,0,0,0,13795,0,0,0,0,1294,0,0,0,0,0,0,0,0,0,10491,0,0,0,0,0,0,0,497706,0,0,0,0,0,0,0,0,0,0,0,7320,0,588,0,0,0,0,0,0,0,0,70,0,0,0,9,0,0,0,0,0,0,0,0,0,0,0
"8",1,0,541,0,0,0,0,0,0,0,0,0,0,0,0,3758,0,0,0,0,0,0,0,0,0,0,0,0,0,0,0,0,0,0,0,0,12421267,600,0,0,0,0,0,0,0,0,0,0,0,0,0,0,0,0,0,0,0,0,0,0,0,0,0,0,0,0,0,0,0,0,0,0,164,0,0,0,0,0,0,0,0,1118,0,0,0,0,0,0,0,0,0,0,0,4483419,0,0,0,0,0,0,0,0,0,0,0,0,0,0,0,0,0,0,0,0,0,0,0,0,0,0,0,0,1024,0,2601,0,0,0,0,0,0,0,0,0,0,0,0,0,0,0,0,0,0,0,0,0,0,0,0,0,0,0,0,0,0,0,0,0,854139,0,0,0,91,0,0,102,0,0,0,0,0,0,132157,0,0,0,0,0,0,0,0
"9",1,0,0,23606,0,0,0,15184,689,0,0,0,81839,25391,0,0,25,0,0,251,62258,18211,0,0,0,0,230,0,0,0,0,50438,0,0,0,0,0,0,0,0,0,0,0,282607,0,0,22872,71592,15093,0,0,0,0,650,74077,0,0,10424,56748,0,1947,0,0,0,0,15629,0,0,0,0,0,0,52318,0,0,0,0,700416,400763,0,0,329662,0,0,326,0,0,0,0,0,0,0,0,0,0,0,0,0,0,0,0,0,6311,0,0,0,153165,7813,403107,22155,0,0,615,0,0,0,0,0,0,0,0,0,0,0,859,39621,0,0,0,0,0,0,0,7714,444724,2123,0,0,1167,62649,0,0,0,0,193219,558316,55325,0,0,0,0,0,125616,0,80226,0,0,0,0,0,0,0,0,0,0,0,0,0,0,9,0,0,0,0,0,0,0,0,0,0,0
"10",1,0,0,0,0,0,0,0,0,0,0,0,0,0,0,0,0,0,0,0,0,0,0,0,0,0,0,0,0,0,0,0,0,0,0,0,0,0,0,0,0,0,0,0,0,0,0,0,0,0,0,0,0,0,0,0,0,0,0,0,0,0,0,0,0,0,0,0,0,0,0,0,979,0,0,0,0,0,0,0,0,114,0,0,0,0,0,0,0,0,0,0,44312275,0,0,100045,0,0,0,0,0,0,0,0,0,0,0,0,0,0,0,0,0,0,0,0,0,0,0,0,0,0,0,0,0,0,0,0,0,0,0,0,0,0,0,0,0,0,0,0,2672,0,0,0,0,0,0,0,0,0,0,0,0,0,0,0,0,0,0,0,0,0,0,0,0,147,0,0,0,0,0,0,0,0,0,0,0,0,0,0,0
"11",1,0,0,0,0,0,0,0,0,0,0,0,0,0,0,0,0,0,0,0,0,0,0,0,0,0,0,0,0,0,0,0,0,0,0,0,0,9974,0,0,0,0,0,0,0,0,4189,0,0,0,0,0,0,0,0,0,0,0,0,0,0,0,0,0,0,0,0,0,0,0,0,0,22804,0,0,0,0,0,0,0,0,3246,0,0,0,0,0,0,0,0,0,0,0,6847011,0,0,22781073,0,168715,652,0,0,0,0,0,0,0,0,649,0,0,0,0,0,0,0,0,0,0,0,0,0,0,0,0,0,0,0,0,0,0,0,0,5117,34911,0,0,0,0,0,0,0,0,0,0,0,0,0,0,0,0,0,0,0,924,0,0,0,0,0,0,0,0,0,73,0,0,0,0,4,0,0,0,0,0,0,0,0,0,550,0
"12",1,0,0,173,1745,0,0,0,1036,0,0,0,0,0,0,0,0,0,0,0,0,0,0,0,0,0,1974,0,0,1625,0,0,0,0,0,0,0,0,0,0,0,2229,0,636,0,0,5635,0,14019,0,0,3189,0,0,462,0,0,0,0,0,0,0,0,0,517,928,0,0,0,0,0,0,5550,5787,0,0,0,0,0,0,0,17772,0,8400,0,0,0,0,0,0,0,0,0,0,0,0,0,0,0,0,0,0,0,0,0,0,0,0,8814,3792,0,0,190,0,0,0,0,0,0,6861,0,0,0,0,0,0,0,0,0,0,0,0,0,10177,0,2616,0,0,0,0,0,0,0,0,0,0,0,0,0,0,0,0,0,0,4538,192,0,0,0,0,0,0,0,0,0,0,0,0,0,9,0,0,0,0,0,0,0,0,0,0,0
"13",1,0,438,0,0,0,0,0,5643,0,0,0,0,0,0,0,0,0,0,0,0,0,0,0,0,0,0,0,0,0,0,0,0,0,0,0,0,0,0,0,0,0,0,657,0,0,0,0,8308,0,0,0,0,0,606,6345,0,0,0,0,0,0,0,0,0,0,0,0,0,0,0,0,0,0,0,0,0,332,153,0,0,1343,0,0,0,0,0,0,0,0,0,0,0,0,0,0,0,0,0,0,0,0,0,0,0,0,246,0,2261,0,0,0,0,0,0,0,0,0,0,1750,1808,0,0,0,406,1557,0,0,0,0,0,0,0,0,1601,0,0,0,0,0,0,0,1247,0,0,0,0,0,0,704,0,0,0,0,851,0,0,0,0,0,0,0,0,0,0,0,0,0,0,0,0,0,0,0,0,0,0,0,0,111,0
"14",1,0,81001,3666,17675,0,0,0,12857,0,0,0,0,2396,0,0,218,0,0,1198,4098,1591,0,0,0,0,121,0,0,0,0,0,0,0,0,0,0,0,0,0,0,3711,0,65499,0,0,160210,234858,0,222,0,4994,0,4611,46928,0,138938,0,0,0,0,0,0,0,16849,6072,0,6530,0,0,0,0,22264,0,0,0,0,43701,14967,805,0,363368,497,0,564,0,0,0,0,0,1001,0,0,0,0,0,0,0,0,656,0,513,2292,0,0,0,41084,0,339497,70707,0,0,4455,0,2319,8352,0,0,102616,918,0,44165,0,0,76354,449298,5291,1529,0,0,0,0,0,767,218811,1197,27925,0,0,0,0,0,198842,0,11967,0,0,0,0,1549,0,0,0,0,48432,0,6121,0,0,0,0,33,0,0,73,0,0,0,0,0,641,0,0,0,0,0,0,0,0,1173,0
"15",1,0,0,0,0,0,12774,0,0,0,0,114576,0,0,0,0,0,0,0,0,0,0,0,0,0,0,0,0,0,891268,0,0,0,0,0,2574,0,0,0,0,0,0,0,0,2951,349,0,8067,1687,0,0,1496,1016,1345,115273,0,0,115,1228,0,0,24063,0,0,82369,48,0,237,0,0,0,0,77383,0,0,0,0,6669,0,0,0,78310,117,4567252,0,0,0,0,0,0,26497,0,0,0,338374,0,0,0,0,0,0,0,0,0,0,0,0,0,25473,0,0,0,0,0,0,0,0,0,0,0,0,0,0,0,0,6744,0,0,0,0,0,0,9047,52163,13793,3512,427,0,0,0,0,0,2772,0,0,0,0,0,0,0,0,0,402,2919,1635,66887,0,248,0,0,0,0,0,0,73,0,0,0,0,9,0,0,0,0,0,0,0,0,0,0,0
"16",1,0,0,34517,0,0,0,406,0,0,0,0,0,0,0,0,0,0,0,0,1503,0,0,0,0,0,0,0,0,0,0,0,0,0,0,0,0,18909389,0,0,0,0,0,0,12686,434,1445889,0,0,0,0,0,0,1373,136955,0,18021,0,0,0,0,0,75638,0,0,0,0,0,0,0,0,0,0,0,0,0,553,8729,32935,0,0,88961,0,0,0,0,0,0,0,0,0,0,0,0,0,0,0,0,0,0,0,0,0,0,0,0,0,0,10838,0,0,0,0,0,0,0,0,0,3668737,0,0,0,0,0,0,0,0,0,0,0,0,0,0,1606,0,0,0,0,0,1101687,0,0,0,0,0,2597,523,1769,0,0,163,0,0,0,0,0,0,0,0,0,18,0,0,0,0,0,0,0,0,0,0,0,0,0,0,0,0,0,22,0,0
"17",1,0,9592,0,0,0,0,0,0,0,0,0,0,2071,0,323726,13174,0,0,0,304,149,0,0,0,0,0,0,0,0,0,0,0,0,0,0,27037,0,0,0,0,0,0,0,0,0,4523,52297,101641,0,0,0,0,4567,50838,0,192,0,30,0,0,0,0,0,0,243,0,0,0,0,0,0,0,0,0,0,0,3733,0,0,0,39031,0,0,0,0,0,0,0,0,0,0,0,0,0,0,11691327,0,334126,0,0,0,311,0,0,0,5996,0,11858,0,0,0,0,0,0,0,0,0,2166,0,0,0,0,0,3189,389,0,0,0,0,0,0,0,4683,0,9587,513,0,0,0,0,97338,9004,0,0,0,0,0,0,0,0,0,0,0,737,0,0,0,0,0,0,0,0,0,0,0,0,0,0,0,0,0,0,0,0,0,0,0,0,0,0
"18",1,0,177,0,0,0,0,0,0,0,0,0,0,0,0,0,0,0,0,822,0,0,0,0,0,0,0,0,0,0,0,0,0,0,0,0,0,0,0,0,0,0,0,0,0,0,0,0,0,0,0,0,0,456,315,0,0,0,0,0,0,0,0,0,1724,0,0,0,0,0,0,0,0,0,0,0,0,4806,2849,0,0,2451,0,0,0,0,0,0,0,0,0,0,2290826,0,0,26680,0,0,0,0,0,0,0,0,0,0,0,0,1163,0,0,0,0,0,0,0,0,0,0,0,0,0,0,0,1303,0,0,0,0,0,0,0,0,16876,0,2686,0,0,0,0,18266,0,0,0,0,0,0,0,0,0,0,0,0,0,0,2493,0,0,0,0,0,0,0,0,0,64,0,0,0,0,0,0,0,19,0,0,0,0,0,0,0
"19",1,0,3630,1843,16391,0,0,364,0,0,0,0,0,897,0,0,0,0,0,0,0,0,0,0,0,0,203,441,1159,0,0,2281,0,0,0,125327,13070,0,0,0,0,0,0,0,0,0,0,0,0,0,0,0,0,485,8369,0,0,0,0,0,0,0,0,0,0,0,0,0,141,0,0,0,5667,0,0,0,0,5367,0,0,0,374,6275,0,60,0,0,0,0,0,0,0,14485042,2250,0,0,2626,0,69079,12434,464,0,0,0,25662,0,33,0,1283,9804,0,0,0,0,0,0,0,0,0,308,0,0,0,0,8194,0,0,0,0,0,0,0,0,3238,2477,436,0,0,0,0,0,0,0,0,0,0,0,0,0,0,0,0,0,0,10922,0,0,0,0,1256,66,0,0,0,73,0,0,0,0,4,0,0,0,0,0,0,0,0,0,0,0
"20",1,0,11427,0,0,0,0,0,0,0,0,3031,0,0,0,3930,2281,0,0,0,0,0,0,0,0,2268,0,0,0,0,0,0,0,0,0,0,0,0,0,0,0,0,0,0,0,0,4909,5796,0,0,0,0,0,230,70,0,0,0,0,331181,0,0,0,0,848,1581,0,0,0,0,0,0,1279,0,0,0,0,0,0,0,0,24521,0,3248,0,0,0,0,0,0,0,0,0,0,12459,0,0,0,0,0,0,0,0,0,0,0,2316,0,12759,0,0,0,0,0,0,0,0,0,1898,0,0,0,0,0,4490,1376,0,0,0,0,0,0,8225,13099,39466,0,0,0,0,0,0,351368,41640,0,0,0,0,0,0,0,0,0,0,0,4328,0,0,0,0,0,0,0,0,0,0,108,0,0,0,9,292,0,0,0,0,0,0,0,0,0,136
"21",1,0,666,0,1812,0,0,0,0,0,0,0,161,1402,0,3590082,639,0,0,3114,145,0,196,0,0,9532,7321,0,0,0,0,0,0,0,0,0,0,0,0,0,0,0,13903,226,0,0,0,0,0,0,0,0,0,0,6055,0,0,0,0,0,0,0,0,0,5368,0,0,2197,0,0,0,0,0,0,0,0,0,2243,0,0,0,55079,0,0,1107,0,0,0,0,0,0,0,0,0,0,0,0,0,0,1063,0,0,0,0,0,0,4856,0,30432,12219,0,0,0,3739,0,0,632,0,8924,661,0,27281,395,0,34651,0,0,0,0,0,0,0,0,19826,0,0,0,0,0,0,0,0,18789,0,0,0,0,0,0,0,0,0,0,0,4214,0,0,567,0,0,0,0,0,0,0,0,0,0,0,0,0,0,0,0,0,0,0,0,0,0,0
"22",1,0,0,0,0,0,0,0,0,0,0,0,0,0,0,0,0,0,0,0,0,0,0,0,0,0,0,0,0,0,0,0,0,0,0,0,0,0,0,0,0,0,0,0,4263,0,0,0,0,0,0,0,0,0,0,0,0,0,0,0,0,0,0,0,0,0,0,0,0,0,0,0,0,0,0,0,0,0,0,0,0,0,0,0,0,0,0,0,0,0,0,0,13138061,3087,0,428366,471,0,11508,0,0,0,0,0,0,0,0,0,0,0,0,0,0,0,0,0,0,0,0,0,0,0,0,0,0,0,0,0,0,0,0,0,0,0,0,0,0,0,0,0,0,0,0,0,0,0,0,0,0,0,0,0,0,0,0,0,0,0,0,0,0,33,0,0,0,0,0,0,0,0,0,0,0,0,0,0,0,0,0,0,0
"23",1,2860,0,48572,46544,0,0,0,64485,0,0,0,62003,125214,0,0,33471,0,0,0,6478,11021,0,0,0,0,55636,0,0,0,0,36085,0,0,0,0,0,0,0,0,0,168777,0,158734,2068,0,34940,42131,28923,228,0,40543,0,0,0,15276,4296,10401,4272,0,0,162,148880,0,0,0,0,674,0,0,0,0,4475,0,0,0,155,213016,496573,0,0,147885,0,0,264,20881,0,0,0,0,0,0,0,0,0,0,0,0,0,0,0,0,3851,2401,0,487,115611,38938,468428,66126,0,1967,7885,0,2721,2760,3256,6288,0,30260,0,0,0,0,571143,90522,70691,24385,0,5642,0,0,0,1099,3109,0,99341,0,0,29052,14540,57895,717198,184,0,0,0,0,0,0,3987,2969,0,0,140397,0,0,0,0,0,0,0,0,0,0,0,0,0,0,0,0,0,0,0,0,0,0,0,0,0,0
"24",1,0,0,0,0,0,0,0,0,0,0,0,0,0,0,0,8442,510186,0,0,0,488,0,0,0,0,240,0,0,1055,0,0,0,0,0,0,0,0,0,614,2272,0,0,0,144,0,0,0,0,0,0,0,0,0,339,0,0,0,0,0,0,0,0,0,0,0,62,23826,0,0,0,0,0,0,0,0,0,0,0,0,0,198773,0,0,616,0,0,0,0,0,1630,0,0,0,0,0,0,0,0,48223,0,0,0,0,0,0,268729,0,352946,0,0,0,0,0,0,7317,1280,0,35916,0,0,0,0,0,114626,0,0,0,825,0,0,10442,0,3984,0,0,0,699,0,0,0,80,202947,0,0,0,0,0,0,0,9097,0,0,0,266521,0,33368,0,0,0,18,0,0,0,0,0,0,0,79,9,0,0,0,0,0,0,253,0,0,0,0
"25",1,0,0,0,0,0,0,0,0,0,0,0,0,0,0,0,0,0,0,0,0,0,0,0,0,0,0,0,0,0,0,0,0,0,0,0,0,0,0,0,0,0,0,0,0,0,0,0,0,0,0,0,0,0,374,0,0,0,0,0,0,0,0,0,0,0,0,0,0,0,0,0,0,0,0,0,0,0,0,0,0,112,0,0,0,0,0,0,0,0,0,0,11811537,163264,0,553301,16024,0,6309,0,0,0,0,0,0,0,0,0,0,0,0,0,0,0,0,0,0,0,0,0,0,0,0,0,0,0,0,0,0,0,0,0,0,11188,0,4383,3471,0,0,0,0,0,0,0,0,0,0,0,1148,0,0,0,0,0,0,99,0,0,0,0,0,0,0,0,0,0,0,0,0,0,0,0,0,0,0,0,0,0,0,0,0
"26",2,0,0,7483,27118,0,32462,0,12026,0,0,0,0,12846,0,15548,0,0,0,0,0,0,76,0,0,289,7012,0,13991,0,0,3799,0,0,0,17139,16191,0,0,0,0,0,0,10448,259,0,1807,14218,3880,0,0,0,0,0,0,38328,0,0,443,0,0,0,866,0,0,0,0,12897,0,0,0,0,1899,1952,0,0,0,29292,14283,0,0,44449,0,0,4297,910,0,0,0,0,0,0,42225267,488,891732,0,633,0,0,1639,0,0,1240,0,0,0,26256,1585,68182,33750,0,0,0,0,0,0,0,0,210004,2766,0,6613,23394,0,95927,14754,0,0,0,0,0,10835,0,3359,0,0,0,0,0,700,0,0,83025,278,0,0,0,0,0,0,0,0,19543,0,2376,0,0,0,0,0,9,0,0,0,0,0,0,0,0,9,0,0,371,0,0,0,0,0,0,0,0
"27",2,0,0,0,0,0,0,0,0,0,0,0,0,0,0,440,0,0,0,0,0,0,0,0,0,0,0,0,0,0,0,0,0,0,1451,0,0,0,0,0,0,0,0,0,0,0,0,0,0,0,0,0,0,0,0,0,0,0,0,0,0,0,0,0,0,0,0,0,0,0,0,0,7617,10913,0,0,0,0,0,0,0,271,0,0,0,0,0,0,0,0,0,63029,8811196,36658,516148,0,455,0,0,0,0,0,0,0,0,0,0,0,0,0,0,0,0,0,0,0,0,0,0,0,0,0,0,0,0,0,0,0,0,0,0,0,0,654,0,0,0,0,0,0,0,585,1666,0,0,0,0,0,0,0,0,0,0,5388,0,0,0,0,0,0,0,0,0,0,0,0,0,0,0,22,1500,0,0,0,0,0,0,0,0,0,0
"28",2,0,7103,0,0,0,0,0,0,0,511,0,0,0,0,0,0,51,0,0,0,0,0,0,0,0,0,0,0,0,0,0,0,0,0,0,0,12917708,0,0,0,0,0,0,0,0,0,0,0,0,0,0,0,0,0,0,0,0,0,0,0,0,0,0,0,0,0,0,0,0,0,0,104375,0,0,0,0,0,0,0,0,0,0,0,0,0,0,3970,2440,0,0,0,0,0,0,0,0,0,0,0,0,0,0,0,0,0,0,0,0,0,0,0,0,0,0,0,0,0,0,0,0,0,0,0,0,2907,0,0,0,0,0,0,0,33275,0,8815,0,0,0,0,0,0,0,0,0,0,0,0,0,0,0,0,0,0,1748,80733,0,0,0,0,0,33,0,0,0,0,0,0,0,9,461,0,0,0,0,0,0,0,0,0,0
"29",2,0,257630,47944,72,2189,58262,0,3809,0,0,0,0,21448,0,0,16807,0,0,0,98,2713,0,0,0,46352,126278,0,0,0,0,23821,0,0,0,702865,0,0,0,0,0,70022,11168,104422,0,0,0,2261,287665,0,38930,379,0,0,127748,195906,2091,0,1616,83520,0,106405,0,0,416,14960,0,27418,0,0,0,0,0,0,0,0,0,24747,4104,0,0,544088,2075,151705,2390,0,0,0,0,0,0,0,0,0,0,0,0,0,0,30454,0,511,1898,0,0,3795,52403,6063,363782,258787,6928,0,56460,87116,259,11183,8440,38331,827208,300947,0,0,0,0,1073350,173561,0,0,0,0,0,1730,0,1410,15070,0,0,0,0,0,0,0,1696957,0,0,0,0,0,0,0,0,0,52236,0,180258,0,11867,0,0,0,0,0,0,0,0,0,0,0,0,18,0,0,0,0,0,0,0,0,21,0,0
"30",2,0,0,0,7913,0,0,0,0,0,0,0,0,0,0,1777,0,0,0,0,0,0,0,0,0,0,0,0,0,0,0,0,0,0,0,0,0,0,0,0,0,0,0,0,0,0,0,0,0,0,0,0,0,0,0,0,0,0,0,0,0,0,0,0,0,0,0,0,0,0,0,0,0,0,0,0,0,0,0,0,0,69,0,0,0,0,0,0,0,0,0,0,0,4762887,0,0,0,0,0,0,0,0,0,0,0,0,0,0,0,0,0,0,0,0,0,0,0,0,0,0,0,0,0,0,0,0,0,0,0,0,0,0,0,0,1858,0,0,7466,0,0,0,0,571,0,0,0,0,0,0,0,0,0,0,105080,0,0,0,0,0,0,0,0,0,0,0,0,0,0,0,0,0,0,0,0,0,0,0,0,0,0,0
"31",2,0,959,576,0,0,0,0,19631,0,0,0,0,9835,0,0,0,0,0,0,0,852,0,0,0,0,111,0,0,0,1132,5136,0,0,0,0,0,0,0,0,0,9250,0,8746,0,0,32438,1240,0,0,0,21352,0,0,135670,41823,0,0,0,0,0,0,1167,0,0,0,0,0,0,0,0,0,2201,37951,0,0,0,52297,7584,0,0,56480,0,0,0,0,0,0,0,0,0,0,0,0,0,0,0,0,0,0,0,0,1581,5205,0,0,1611,0,34623,33313,0,0,0,0,0,0,0,0,2865,1679,5248,0,0,301,74956,51419,11007,1767,0,0,0,0,0,9120,2028,0,0,0,0,0,0,0,0,0,0,0,0,0,0,0,0,0,0,0,11957,0,0,0,0,0,0,66,45,0,0,0,0,0,0,13,0,0,0,0,0,0,0,0,0,0,0
"32",2,0,0,0,0,0,0,0,0,2051,0,0,0,0,10399,0,0,0,0,0,1676,4632,0,92679,3937,0,0,0,0,0,3134,0,0,40105,17431,0,0,34092,38645,49004,45420,0,1108,0,39074,0,0,0,0,0,0,0,0,0,22070,0,0,0,0,0,0,0,0,0,0,0,0,0,0,8479,1686,1687,588921,0,20941,0,0,17367,1736,0,32791,235938,0,0,0,0,0,0,0,0,0,0,0,0,17989860,0,0,0,0,0,0,0,835,0,0,0,0,0,1568,0,0,0,18478,0,0,8512,0,0,0,3160,4145,0,571,477,0,0,0,0,0,0,397,0,0,450936,0,0,298,0,0,0,0,0,0,0,0,0,0,0,1748,0,3529,0,0,662427,0,0,0,0,0,0,0,33,0,0,0,0,0,0,0,0,0,0,0,0,0,0,0,0,0,0,0
"33",2,0,0,0,726,122,0,0,100950,0,0,0,2853,78003,0,1499086,1174,115331,1451,18955,6443,834,0,0,0,0,2082,0,0,0,0,0,0,0,0,0,5485274,6847646,0,0,0,0,0,32230,0,0,8762,0,0,0,0,0,0,9267,462438,0,0,0,0,0,385,0,0,0,2817,0,0,48622,0,0,0,23305,0,686377,0,0,0,27111,0,0,0,813565,0,0,725,0,969,8749,1350,1347,0,141,933954,0,0,0,103035,0,0,0,0,0,125,0,0,0,10966,0,510328,313279,0,480,293,0,0,65,148,105009,0,0,0,0,0,0,3177227,12809,0,0,0,0,0,0,0,321449,0,286409,0,0,0,0,0,0,0,0,0,0,0,0,0,0,0,0,0,0,140599,0,0,0,0,0,217,0,0,0,0,0,0,0,0,0,0,0,0,0,0,0,0,0,0,0,0
"34",2,0,14878,1684,0,0,0,0,0,0,0,0,0,0,0,0,34599,0,0,0,169,0,0,0,0,0,0,0,0,0,0,0,0,0,0,0,0,0,0,0,0,0,0,946,0,0,0,0,0,0,0,0,0,0,48098,0,0,1677,2108,0,0,0,0,0,0,0,0,0,0,0,0,0,7463,0,0,0,0,14659,0,0,0,19438,0,0,0,0,0,0,0,0,0,0,0,0,348604,0,0,0,0,0,0,0,0,0,0,0,0,0,5622,0,0,0,0,0,0,0,0,0,0,0,0,0,0,0,0,0,0,0,0,0,0,0,0,4603,0,14750,0,0,0,0,0,0,0,0,0,0,0,0,0,0,0,0,6896,0,4394,0,0,0,0,0,0,0,0,0,0,0,0,0,0,0,0,0,0,0,0,0,0,0,0,0,0
"35",2,0,25726,93769,430,0,73877,0,171341,0,0,0,40910,36043,0,210863,136,0,0,0,1988,1420,0,0,0,0,66084,0,0,0,0,7170,1899,0,0,0,0,0,0,0,0,1322,0,79098,0,794,133681,7643,0,0,7708,0,11141,11854,0,0,0,10602,36953,0,170,0,0,0,38284,14567,0,4702,0,0,0,0,107242,9724,0,0,0,1018676,764997,0,0,933796,23100,1596,2822,0,0,9362,1231,0,0,0,0,0,259,0,0,0,0,23875,0,0,3605,0,0,2322,121848,0,769051,0,0,0,8214,0,0,0,0,0,778838,3805,0,0,0,0,0,125040,0,0,0,0,0,0,0,359949,924212,27285,1667,0,0,0,0,0,8903,0,0,0,0,0,0,0,0,0,0,0,83146,0,0,0,0,0,0,0,0,0,0,0,0,0,0,4,0,0,0,0,0,0,0,0,325,0,0
"36",2,0,6707,0,597,0,4002,329,0,0,0,0,0,0,0,0,118395,0,0,4860,885,0,0,0,0,583,0,0,0,53216,0,0,0,0,0,0,0,0,0,0,0,0,0,0,0,0,535,0,0,0,0,0,0,6094,4324,0,2240,0,0,0,374,0,0,0,46,0,0,0,0,0,0,0,4073,23916,0,0,0,4566,0,0,0,145150,0,0,205,0,0,1531,0,1339,0,2895,0,114252,0,0,19427,0,0,0,0,0,1826,0,0,0,0,0,64007,0,0,0,0,0,0,0,0,0,72730,103,0,0,0,0,0,0,0,0,0,0,0,0,0,20683,5404,9142,0,0,0,0,0,0,0,0,0,15795,0,0,0,0,0,0,0,0,1465,3058,0,0,0,0,0,0,0,0,73,0,0,0,0,4,0,0,0,0,0,0,0,0,0,0,0
"37",2,0,0,0,0,4202,0,3419,0,0,0,0,0,2625,0,0,0,0,0,1859,658,0,0,0,0,0,0,0,0,0,0,0,0,0,0,0,0,0,0,0,8908,62919,0,0,0,0,29713,0,2314608,0,225652,0,0,0,0,0,109767,114,1181,0,0,0,0,0,0,0,394,0,695,0,0,0,189522,0,0,0,81,0,207,112533,0,228229,5999,0,0,0,0,0,0,0,0,0,0,0,0,0,0,0,0,0,0,0,0,0,0,0,0,0,11577,0,0,0,0,0,0,0,75,0,0,1294,0,0,0,0,195855,105624,0,0,0,0,0,0,0,5243,0,0,1445,0,0,0,0,0,0,0,0,0,2197,557825,237,0,166,0,199877,0,25375,0,0,0,0,0,0,33,0,0,0,0,0,0,0,0,18,0,0,39,0,0,0,0,0,0,0
"38",2,0,0,1567,0,232,0,0,4142,0,0,324369,0,0,0,0,24164,0,0,0,0,0,0,0,0,0,5553,0,0,2298001,0,0,0,0,0,0,0,0,0,0,0,85046,0,1048,0,119,33929,94686,546545,0,0,2200,0,2490,0,90648,7748,0,0,0,0,144912,0,0,0,2323,0,0,0,0,0,0,0,0,0,0,0,10038,100515,0,0,17153,462,3747213,0,6768,0,0,0,0,0,0,0,0,0,0,0,10417,0,0,0,0,0,0,0,0,3350,0,22853,3102,0,0,2124,0,0,1146,0,0,5260,0,0,0,0,0,5308,2237,368801,118489,0,0,0,0,0,3261,461,0,779,0,0,0,4497,0,96363,0,0,0,0,0,0,0,0,0,0,59309,5246,0,0,0,0,0,0,0,0,0,0,0,0,0,0,0,0,0,0,0,0,0,0,0,0,0,0
"39",2,0,0,0,0,0,0,0,1408,0,0,0,0,5294,0,0,0,0,0,0,0,0,0,0,0,0,1491,0,0,0,0,0,0,0,121,702450,9842,1794,0,0,0,0,0,69,0,0,0,0,2134,0,0,0,0,0,24581,0,0,0,0,0,0,0,0,0,0,0,0,0,0,0,0,0,704783,0,0,0,0,596,932,0,0,1112,0,0,0,0,0,0,0,0,0,0,0,0,0,0,179,0,0,0,0,0,0,0,0,0,0,0,199,0,0,0,0,0,0,0,0,0,0,0,0,0,0,0,0,0,0,0,0,0,0,0,0,632,0,0,0,0,0,2884,0,10719669,0,0,0,0,0,0,0,0,0,0,0,0,0,464,0,0,0,0,52,0,0,0,0,0,0,0,0,0,54,0,49,0,0,0,0,0,0,0,0
"40",2,0,0,56649,0,0,0,0,677597,0,0,0,0,2195,0,302404,0,0,0,0,51,933,0,0,0,747,3704,0,0,0,0,886,0,0,0,0,0,0,0,0,0,0,0,52015,0,0,385,0,0,0,0,0,0,0,311021,0,1512,410,1639,0,0,0,0,0,0,0,0,0,0,0,0,0,6388,4364,0,0,0,226460,134101,0,0,197401,0,0,199,0,0,13339504,834710,3117022,0,0,0,0,3786730,0,0,744,0,0,0,50,10687,0,0,0,77013,0,276773,107399,0,704,5583,0,0,236,328,0,114437,17718,85473,0,0,28055,0,572290,0,0,0,0,0,3557,0,10832,7354,0,0,0,0,0,0,0,0,0,0,0,0,0,0,0,0,0,0,0,292607,0,0,0,135112,0,0,0,0,0,0,0,0,0,0,0,5795,0,0,0,0,0,0,0,0,0,0
"41",2,0,0,39379,0,2694,0,0,122666,0,659,0,0,22219,0,0,872545,0,620,2191,433029,0,0,0,0,0,1032,0,0,0,0,32164,0,0,0,35210149,5077975,0,169,0,0,0,0,60585,0,187,8173,0,0,0,0,0,0,1102,20770,0,0,3076,8329,0,0,0,0,0,0,0,0,0,0,0,0,0,320499,50509858,0,0,0,703838,14778,0,0,423639,0,0,0,0,0,0,0,0,0,0,0,22857,0,3049280,0,0,0,0,1117,0,9253,0,0,0,0,0,129434,23437,0,0,58,0,0,4555,0,0,0,17765,0,0,0,0,136588,137757,0,0,0,0,0,0,0,39859,15956,94993,0,1021,5517,0,0,0,0,0,0,251785,0,0,0,0,0,0,0,0,28643,0,0,0,0,0,0,0,0,6,0,0,0,63,0,0,0,15,0,0,0,0,0,0,0,0,0
"42",2,0,1367,4028,0,1800,0,10532,398,0,0,0,0,1177,0,0,0,1296,0,0,0,0,0,0,0,0,21912,0,0,0,0,93,0,0,0,0,0,0,0,0,0,0,0,107096,0,0,1828,0,46932,0,0,0,0,0,13418,0,0,250,1591,0,0,0,0,0,2362,557,194,0,0,0,0,0,51041,0,0,0,0,64474,8590,0,0,179961,34379,0,0,0,0,0,0,0,0,0,0,0,0,0,0,0,0,1960,0,313,1616,0,0,11953,59917,9238,253611,11509,0,0,2393,0,0,0,5256,0,0,10543,236452,0,0,65573,28177,15043,0,0,0,0,0,24,0,13058,0,0,0,0,0,25307,0,0,480650,0,0,0,0,0,0,0,0,0,190,0,21343,0,0,0,0,4373,0,0,0,0,0,0,0,0,0,4,0,30,0,0,0,0,0,0,0,0,0
"43",2,0,0,32513,0,2707,0,0,0,0,662,0,0,6425,0,0,874442,0,623,2201,434876,0,0,0,0,0,1041,0,0,0,0,32108,0,0,0,35428465,5101867,0,170,0,0,0,0,35289,0,187,1260,0,0,0,0,0,0,1107,20860,0,0,979,5292,0,0,0,0,0,0,0,0,0,0,0,0,0,323040,0,0,0,0,670336,14647,0,0,417820,0,0,0,0,0,0,0,0,0,0,0,23328,0,3067880,0,0,0,0,1123,0,8234,0,0,0,0,0,45697,23550,0,0,30,0,0,4572,0,0,0,17844,0,0,0,0,137233,0,0,0,0,0,0,0,0,39940,16032,95505,0,1028,5664,0,0,0,0,0,0,252625,0,0,0,0,0,0,0,0,28060,0,0,0,0,0,0,0,0,6,0,0,0,0,0,0,0,15,0,0,0,0,0,0,0,0,0
"44",2,0,1089,5572,0,0,4134,0,0,0,0,0,13887,0,0,0,367,0,0,2719,1701,13210,0,0,0,0,0,0,0,0,0,3233,896,946,0,0,0,0,0,164,0,0,0,19434,7961,0,0,0,0,0,0,0,0,2529,0,0,0,1155,2739,0,0,0,0,0,0,5127,0,0,71,0,0,1854,1041472,123445,0,0,0,1236,1918,0,0,374746,0,0,0,0,0,0,0,0,0,0,0,200425,0,0,339324,0,0,0,0,0,9973,0,0,0,0,0,121335,3376,0,0,2806,6712,7115,228,0,0,0,6726,0,0,0,0,0,0,0,0,0,0,0,0,2848,107689,48414,0,2337,0,0,47029,0,0,4107,0,0,0,29323,0,0,0,0,0,0,0,409,0,0,0,0,0,0,0,0,0,0,0,0,0,0,0,0,36,0,0,0,0,0,0,0,0,0
"45",2,0,0,0,0,0,0,0,0,0,0,0,0,0,0,0,0,0,0,0,0,0,0,0,0,0,0,0,0,0,0,0,0,0,0,0,0,0,0,0,0,0,0,0,0,0,0,0,0,0,0,0,0,0,0,0,9433,0,5115,0,0,0,0,0,0,0,0,0,0,0,0,0,0,0,0,0,0,0,0,0,0,1709,0,0,0,0,0,0,0,0,0,0,0,0,0,0,0,0,0,0,0,0,0,0,0,0,0,0,0,0,0,0,0,0,0,0,0,0,0,0,0,0,0,0,0,0,0,0,0,0,0,0,0,0,27035,0,0,0,0,0,0,0,0,0,0,0,0,0,0,0,0,0,0,0,0,0,0,0,0,0,0,0,0,13,0,0,0,0,28,0,0,0,0,0,0,0,0,0,0,0,0
"46",2,0,67020,4623,24004,251,0,0,1608,0,0,102039,4332,12009,0,35650,183,0,0,4126,0,752,2998,10342,0,66279,53843,0,0,547002,0,0,0,0,0,0,0,3444,0,655,10489,0,0,100397,0,180,0,2139,3942,0,0,0,0,0,178325,0,0,0,0,0,0,0,0,0,8235,0,0,14460,0,0,0,775,0,1482,0,686,0,46975,5555,0,0,324377,36104,0,2906,0,0,0,0,0,0,0,0,873557,0,0,0,0,88,11031,0,175,440,0,0,0,127056,69561,430100,233333,0,0,0,0,1527,10295,1156,13269,18241,228229,0,477133,0,0,313953,67212,0,0,0,0,0,4195,0,13769,0,3684,5547,0,2104,0,0,0,221567,0,0,0,0,0,0,0,0,0,0,0,101186,0,0,0,0,0,0,0,0,0,0,0,0,0,0,0,0,0,0,0,0,0,0,0,0,0,437
"47",2,0,10060,0,0,0,5234,0,0,0,0,0,0,0,0,0,0,0,0,0,0,2239,0,0,0,0,0,0,0,0,0,523,0,0,0,0,0,0,0,0,0,1812,0,0,0,0,6237,0,0,0,0,0,0,0,0,0,0,0,0,68562,0,0,0,0,0,0,0,0,0,0,0,0,0,0,0,0,0,0,0,0,0,3496,0,0,0,0,0,0,0,0,0,0,0,0,0,0,0,0,0,0,0,0,0,0,0,568,0,277,5756,918,0,0,0,0,0,0,0,0,0,677,0,0,0,0,42614,0,0,0,0,0,0,0,0,0,0,0,0,0,0,0,0,2265,0,0,0,0,0,0,0,0,0,0,412,0,536,0,0,0,0,0,0,0,0,0,0,0,0,0,0,0,0,0,0,0,0,0,0,0,0,0,0
"48",2,0,0,0,3301,0,44860,2258,0,0,722,0,0,0,0,2131,0,82359,0,0,0,0,0,0,0,1296,6944,356121,670287,0,0,0,0,1196,681,57703524,436206,0,0,0,0,0,0,3069,1886,0,0,0,0,0,0,0,0,0,5024,0,0,0,0,0,0,0,0,0,0,0,0,11467,0,0,0,0,0,0,0,0,266,282,226,0,0,8122,0,0,0,0,0,0,0,0,0,0,0,0,0,459063,0,61914,0,0,0,0,0,0,0,103,23481,0,24725,749,0,0,0,0,0,1926,0,0,0,0,0,0,0,0,199075,2538,0,0,0,0,0,0,0,0,0,0,0,0,0,0,0,13190,142482,0,0,0,0,0,184,0,0,0,0,0,3996,0,0,4735,0,0,0,0,0,0,0,0,0,0,0,4,0,0,0,0,0,0,0,0,0,0,379
"49",2,0,0,51205,0,0,0,0,0,1352,0,0,0,0,3703,0,118196,0,0,0,1796,0,0,3801,2355,0,961,0,0,0,0,12659,0,3403,0,0,0,0,0,0,10176,0,0,0,0,42858,939230,172694,0,350,0,0,33409,124429,597516,0,10836065,1157,8168,0,2204,0,0,0,0,59516,12080,5569,0,0,0,0,0,0,0,0,0,460632,300440,208,1336,450537,0,0,0,0,0,0,0,0,0,0,3594821,10745,2076403,4447,459,0,1869,86035,0,0,0,0,0,0,155894,0,66733,0,0,0,90866,0,0,0,0,0,164995,0,0,0,0,0,0,0,0,0,1336,11977,315,0,0,655412,9692,1330924,0,0,0,0,0,0,0,0,0,0,0,2625,16468,0,0,0,0,0,336275,0,0,0,0,0,0,0,0,2485,0,0,0,0,285,4,0,0,0,0,0,0,130,0,0,0,0
"50",2,0,0,9817,0,113,2407,0,8673,0,0,0,0,4021,0,0,164,0,1357,5146,5484,2826,0,0,0,149,778,0,0,0,0,613,0,1044,0,0,0,0,0,0,0,293890,0,106825,0,0,103811,553231,144061,0,0,159441,0,2475,0,482437,0,950,2828,0,0,0,0,0,17621,0,0,1081,0,0,0,0,51174,10128,0,0,0,98771,144557,0,0,801619,26763,0,47522,45856,0,18050,0,1178,0,0,1361,0,1260,0,0,0,0,2026,0,0,6113,0,0,756,362,6442,153887,55751,0,0,712,48899,364,114,0,0,8367,25955,0,9994,0,0,3945,0,0,0,0,0,0,0,0,74059,292511,1719,0,0,0,0,0,529,2295114,21347,0,2429,237205,0,0,0,2283,0,26778,0,79415,0,4332,0,0,0,0,0,0,0,0,0,0,0,0,0,0,25,0,19,0,0,0,0,0,0,0
"51",3,0,0,0,29171,0,0,0,161304,0,0,0,0,0,0,0,53,0,6838,13023,0,0,0,0,0,0,0,0,0,0,0,0,5064,0,0,0,0,0,0,0,0,0,0,65574,0,0,4148,29454,0,0,0,0,0,436,578,0,28404,0,0,9119,0,0,0,0,10736,4287,0,0,0,0,0,0,107667,23479,0,0,0,0,0,0,0,2986706,0,0,0,0,0,0,0,0,0,0,0,0,0,0,0,0,0,0,0,0,0,0,0,0,0,0,2914444,0,0,0,0,0,0,0,0,0,0,0,0,0,0,0,0,0,0,0,597,0,0,0,0,129152,0,11725,10007,0,0,0,0,0,4940112,0,0,0,0,0,0,0,0,0,58151,0,9491,0,0,0,0,336,0,0,0,0,0,0,0,0,0,9,0,0,0,0,0,0,0,0,0,0,0
"52",3,0,0,0,0,0,0,2544,65,0,0,0,0,0,0,0,0,0,0,0,0,0,0,0,0,0,720,5507,220,0,0,0,0,0,0,0,0,0,0,0,0,0,0,701,0,0,1689,0,0,0,0,0,0,0,3794,0,2245,0,0,0,0,0,0,0,1888,0,0,0,0,0,0,0,446,5200314,0,0,0,0,0,0,0,7999,0,0,0,0,0,0,0,0,0,0,0,16198,0,0,809529,0,0,0,0,0,566,0,0,0,0,0,11857,25,0,0,0,11894,0,0,0,0,0,0,0,15588,0,0,29211,481,0,0,0,0,0,0,0,1155,0,0,0,0,0,0,0,0,51165,0,0,0,0,0,0,0,0,0,0,0,483,0,15926,0,0,0,0,33,0,0,0,0,78,0,0,58,0,0,0,0,207,0,0,0,0,0,0
"53",3,0,0,0,0,0,0,0,0,0,0,0,0,0,0,201,28,0,0,0,0,0,0,0,0,0,0,0,0,0,0,0,0,0,0,0,97211,0,0,0,0,0,0,0,0,0,0,0,0,0,0,0,0,0,0,0,0,0,0,0,0,0,0,0,0,0,0,0,0,0,0,0,514484,2331524,0,0,0,0,0,0,0,1116,0,0,0,0,0,522090,39683,63271,0,0,0,0,0,0,0,0,0,0,0,0,0,0,0,0,0,0,0,0,0,0,0,0,0,0,0,0,0,0,0,0,0,0,0,0,0,0,0,0,0,0,0,28669,0,0,0,0,0,0,0,18139542,12392,0,0,0,0,0,0,0,0,0,0,0,0,0,0,0,0,0,0,33,0,0,146,0,0,0,0,4,0,0,0,0,0,0,0,0,0,0,0
"54",3,0,0,374,0,0,0,0,0,0,0,0,0,0,0,0,13622,0,0,0,0,847,0,0,0,0,153,0,0,0,0,469,0,0,0,0,0,0,0,0,0,89,0,757,0,0,14846,6217,22258,0,0,0,0,0,0,34007,0,0,0,0,0,0,0,329,0,0,0,0,0,0,0,0,0,0,0,0,0,0,0,0,0,20851,0,0,0,0,0,0,0,0,0,0,0,0,0,0,0,0,0,0,0,0,0,0,0,533,244,661,19277,1080,0,0,0,0,880,0,0,0,0,0,0,4185,0,0,9663,0,4603,1137,0,0,0,0,0,1311,2499,0,0,0,1315,0,0,0,0,0,0,0,0,0,0,0,0,0,25727,0,180,0,0,314,0,0,0,0,0,0,0,0,0,0,0,13,0,0,0,39,0,0,0,0,0,0,0
"55",3,0,0,0,0,0,0,0,0,0,0,0,0,0,0,0,0,0,0,0,0,0,0,0,0,0,0,0,0,0,0,0,0,0,0,0,0,0,0,0,0,0,0,0,0,0,0,0,0,0,0,0,0,0,0,0,0,0,0,0,0,0,0,0,0,0,0,0,0,0,0,0,0,2133606,0,0,0,0,0,0,0,0,0,0,0,0,0,0,0,0,0,0,0,0,0,0,0,0,0,0,0,0,0,0,0,0,151,0,479,0,0,0,0,0,0,0,0,0,1158,0,0,0,0,0,0,0,0,0,0,0,0,0,0,0,0,0,0,0,0,0,0,0,193,0,0,0,0,0,0,0,0,0,5360,0,1907,0,0,0,0,0,0,0,0,0,0,0,0,35,0,18,0,0,0,0,47,0,0,72,0,0,0
"56",3,0,0,0,0,0,659742,0,39989,0,0,0,0,319129,0,0,1805,2376,0,0,347,0,0,0,0,43492,2163,0,0,0,0,0,0,0,0,0,0,0,0,0,0,0,0,22428,0,0,0,0,0,0,0,0,0,0,8805,0,0,0,0,0,0,0,0,0,0,0,0,0,0,0,0,0,0,31311473,0,0,0,5713,1804,0,0,193689,0,8517509,2608,0,0,0,0,0,0,0,0,246565,0,0,334243,6095,0,1444,0,0,1277,0,0,0,175253,326100,333949,0,0,0,223,0,0,0,0,0,0,0,0,0,10745,0,648201,1391621,0,0,0,0,0,0,0,272,0,0,0,0,0,0,0,0,18537,0,0,0,0,0,0,0,0,0,0,0,5939,0,0,0,0,0,0,0,0,0,0,79,61,0,0,0,0,0,0,0,551,0,0,0,0,0,0
"57",3,0,0,0,0,0,0,0,0,0,0,0,0,0,0,0,0,0,0,0,0,0,0,0,0,0,0,0,0,0,0,0,0,0,0,0,0,0,0,0,0,0,0,0,0,0,0,0,0,0,0,0,0,0,0,0,0,0,0,0,0,0,0,0,0,0,0,0,0,0,0,0,0,12565713,0,0,0,0,0,0,0,0,0,0,0,0,0,0,0,0,0,0,0,0,0,0,0,0,0,0,0,0,0,0,0,0,0,0,0,0,0,0,0,0,0,0,0,0,0,0,0,0,0,0,0,0,0,0,0,0,0,0,0,0,0,0,0,0,0,0,0,0,19139,0,0,0,0,0,0,0,0,0,0,0,0,0,0,0,0,0,0,0,45,0,0,0,0,0,0,0,0,0,0,0,75,0,0,0,0,0,0
"58",3,0,0,0,0,0,0,0,0,0,0,0,0,0,0,0,0,0,0,0,0,0,0,0,0,0,0,0,0,0,0,2642,0,0,0,0,0,0,0,0,0,0,0,0,0,0,3867,0,22760,0,0,0,0,0,1989,0,1273,0,0,0,0,0,0,0,0,0,0,0,0,0,0,0,0,10957548,0,0,0,4918,2268,0,0,761,0,0,0,0,0,0,0,0,0,0,0,0,0,0,0,0,0,0,0,0,0,0,0,0,389,0,27,0,0,0,0,0,0,0,0,0,0,0,0,0,0,0,0,0,0,0,0,0,0,0,0,0,0,0,0,0,0,0,0,0,0,0,0,0,0,0,0,0,0,0,11964,0,0,0,0,0,0,0,0,0,0,0,0,0,42,0,0,4,0,0,0,0,81,65,0,756,0,0,0
"59",3,0,0,0,0,0,0,0,0,0,0,0,0,0,0,0,0,0,0,0,0,0,0,0,0,0,0,0,0,183554,0,0,0,0,0,0,0,0,0,0,0,0,0,0,0,0,0,0,0,0,0,0,0,0,0,0,0,0,0,0,0,0,0,0,0,0,0,0,0,0,0,0,0,0,0,0,0,0,0,0,0,0,0,0,0,0,0,54271324,3722961,12750074,676,0,0,0,0,0,0,0,0,0,0,0,0,0,0,0,0,0,0,0,0,0,0,0,0,0,0,0,0,0,0,0,0,0,0,0,0,0,0,0,0,0,0,0,0,0,0,0,0,0,0,0,0,0,0,0,0,0,0,0,0,0,0,0,0,0,0,0,0,0,0,0,0,0,0,0,0,320,0,0,0,0,0,0,0,0,0,0,0,0,0
"60",3,0,0,1406,0,0,0,12399,804,0,0,0,5168,342784,0,191225,0,0,0,0,0,0,0,0,0,0,0,0,0,0,0,1703,0,0,0,9726,0,2182,0,0,0,0,0,1257,0,0,0,0,9548,0,0,1039,0,0,0,0,0,0,0,0,0,0,0,0,0,0,0,0,0,0,0,0,521200,24780194,0,0,0,24,8134,0,0,0,0,0,1075,56,0,0,0,0,0,0,0,0,0,0,0,0,0,0,0,0,0,0,0,0,753,0,7315,609,0,0,0,0,0,0,0,0,0,0,0,0,0,0,0,380,0,0,0,0,0,0,0,0,0,0,0,0,0,0,0,0,0,0,100,0,0,0,0,0,0,0,0,0,0,0,0,0,0,0,0,0,0,0,0,0,0,0,0,0,0,0,0,0,0,18,0,0,0,0,0
"61",3,0,471182,10146,0,2100,0,0,0,0,0,0,0,0,0,0,349,0,0,0,245,1207,0,0,0,164,237,0,0,0,0,89017,0,0,0,0,0,0,0,0,0,0,0,10460,0,0,358029,51314,0,0,0,0,0,4398,104231,0,233390,180,265,0,0,0,0,0,33322,7144,0,0,0,0,0,0,22345,47656074,0,0,0,34463,9988,0,0,281044,3280,0,0,0,0,0,0,0,0,0,0,0,0,0,0,0,0,3755,0,0,3638,0,0,0,134274,0,260818,0,0,0,4817,0,0,0,0,0,0,7956,0,0,0,0,125523,79895,0,0,0,0,0,960,0,17713,37868,0,0,0,0,0,0,0,105217,0,0,0,0,0,0,0,0,0,1543,0,79187,41665,0,0,0,0,0,0,0,0,0,0,0,0,0,0,0,0,0,0,0,43,0,390,0,0,0
"62",3,0,0,15523,0,0,0,0,5266,0,0,0,0,13751,0,0,0,26,0,0,0,0,0,0,0,0,10266,0,0,0,0,98,0,0,0,0,0,0,0,0,0,83550,0,15881,0,0,2057,0,621176,0,0,4645,0,0,0,25413,0,513,560432,0,0,0,2117,0,0,0,0,2462,0,0,0,0,0,0,0,0,0,15934,36587,0,0,4355,0,0,756,0,0,0,0,0,0,0,0,0,0,0,0,0,0,6306,0,0,395,0,0,0,75876,21595,48440,4991,0,0,1892,0,0,0,0,4878,0,19313,0,0,245507,0,5160,328277,4654,1059,0,0,0,0,0,0,0,0,0,0,0,2749,0,0,0,0,0,0,2254,0,0,0,0,0,2591,0,49787,0,0,0,0,0,0,0,0,0,0,0,61,0,0,0,0,8,0,0,0,0,0,0,0,0,0
"63",3,0,0,0,0,0,0,9963,342,0,0,0,0,1288,0,2937,0,0,0,0,0,50,0,0,0,2194,4198,0,0,0,0,0,0,0,0,0,0,0,0,0,0,0,0,30547,0,0,0,0,0,0,0,0,0,0,7220,0,0,0,0,0,0,0,0,0,0,0,0,3361,0,0,0,0,0,0,0,0,0,0,1225,0,0,63465,0,0,0,0,0,0,0,0,0,0,1999850,0,2317993,0,0,0,0,0,0,0,0,0,0,0,15553,0,98318,18740,1910,0,87,0,58,0,9571,0,4531,0,45008,0,0,8449,385234,272088,0,0,0,0,0,0,0,9298611,0,0,0,0,0,0,0,0,224466,0,0,0,0,0,0,0,0,0,0,0,17174,0,0,4209,0,0,0,0,0,0,0,108,0,0,0,9,0,0,0,0,0,0,0,0,0,0,0
"64",3,0,0,0,4573,0,0,0,0,0,0,0,0,9340,0,0,0,0,0,0,0,0,0,0,0,0,0,0,0,0,0,0,0,0,0,0,38771,0,0,0,0,0,0,2181,0,0,0,321,38678,0,0,0,0,0,0,24468,0,0,0,0,0,0,0,0,0,0,0,0,0,0,0,0,0,25568380,0,0,0,0,2492,0,0,10488,0,0,0,0,0,0,0,0,0,0,0,15795,0,83525,0,0,0,0,0,0,0,0,0,0,0,0,9465,159,0,0,0,0,0,193,0,0,0,0,0,0,0,0,66833,27461,0,0,0,0,0,0,0,0,0,0,0,0,0,0,0,0,0,0,0,0,0,922,0,0,0,0,0,0,1181,0,0,0,0,0,0,0,0,0,0,0,0,0,0,0,0,0,0,0,313,0,0,0,0,0,0
"65",3,0,3258,0,0,0,0,960,0,0,0,0,0,994,0,0,0,7967,0,0,0,0,0,0,0,0,0,0,0,0,0,0,0,0,0,0,0,0,0,0,0,0,0,0,0,0,0,0,0,0,0,0,0,0,0,0,0,0,0,0,0,0,0,0,0,0,0,0,0,0,0,0,0,2611632,0,0,0,0,0,0,0,0,0,0,0,0,0,0,0,0,0,0,0,0,0,0,0,0,0,0,0,0,0,0,0,0,0,0,0,0,0,0,0,0,0,0,0,0,0,0,0,0,0,0,0,2043,0,0,0,0,0,0,0,0,0,0,0,0,0,0,0,0,0,0,0,0,0,0,0,0,0,0,0,0,0,0,0,0,0,0,0,33,0,0,0,0,0,0,0,0,0,0,0,0,0,0,0,0,0,0,0
"66",3,5024,195224,1146718,0,0,0,0,0,0,0,0,2128537,0,343,0,46788,0,0,0,0,0,0,0,0,0,0,0,0,0,856,0,0,20122,16133,0,68366,19429,0,90,0,0,0,436518,0,0,2478,1768,43419,0,0,13788,0,0,0,0,0,0,847,0,0,0,7388,0,0,0,0,0,0,0,667,0,0,14762080,0,0,28784,42424,169318,0,0,286529,0,0,205,4371,621,0,0,0,0,0,0,186231,0,0,628243,0,0,0,0,0,7039,0,0,0,195245,0,366148,0,0,0,6304,0,23257,0,0,0,0,17822,0,0,0,0,0,0,0,0,0,25349,1153,0,0,29842,3061,0,0,0,0,0,0,0,0,0,0,0,0,233422,758,0,581,0,8763,0,213775,0,0,0,0,0,0,0,0,0,0,0,0,0,0,0,0,0,0,0,0,0,0,0,0,0,0
"67",3,0,0,0,0,0,39060,0,4465,0,0,0,0,0,0,0,0,0,0,0,0,0,0,0,0,2221,1238,0,0,0,0,4112,0,0,0,0,0,0,0,0,0,0,0,4142,0,0,0,0,0,0,0,0,0,0,0,0,0,0,0,0,0,0,0,0,0,0,0,0,0,0,0,0,0,16828101,0,0,0,2194,0,0,0,1032,0,0,0,0,0,0,0,0,0,0,0,0,87944,0,0,0,0,0,0,0,0,0,0,0,10287,0,18820,12048,324,0,0,0,521,3613,973,0,0,0,721,0,0,0,150773,16037,0,0,0,0,0,0,0,0,0,0,0,0,0,0,0,0,0,0,0,0,0,0,0,0,0,0,0,0,1281,0,0,0,0,0,0,0,0,0,0,0,0,130,0,4,0,0,0,0,0,0,0,0,0,0,0
"68",3,0,0,0,0,0,0,12190,443,0,0,0,0,17527,0,101821,0,0,0,0,0,0,0,0,0,0,0,0,0,0,0,0,0,0,0,0,0,0,0,0,0,0,0,3375,0,0,0,0,0,0,0,0,0,0,31089,0,0,0,0,0,0,0,0,0,0,0,0,0,0,0,0,0,1048,4758974,0,0,0,1356,0,0,0,10785,0,0,0,0,0,0,0,0,0,0,0,21253,0,0,0,0,0,0,0,0,912,0,925,0,0,0,10608,2002,0,0,0,0,0,45,0,0,0,32493,0,0,0,0,0,0,0,0,0,0,0,0,0,0,0,0,0,0,0,0,0,0,0,0,0,0,0,0,0,0,0,0,0,0,90973,0,0,0,0,0,0,0,0,0,0,104,63,0,0,4,0,0,0,0,0,0,0,54,0,0,0
"69",3,0,0,0,0,0,0,0,0,0,0,0,0,0,0,0,0,0,0,0,0,0,0,0,0,0,0,0,0,0,0,0,0,0,0,213,0,0,0,0,0,0,0,0,0,0,0,0,0,0,0,0,0,0,21415,0,0,0,0,0,0,0,0,0,0,0,0,0,0,0,0,0,0,2903,0,0,0,0,0,0,0,724,130,0,0,0,0,62112014,2522100,20828944,0,0,0,0,0,0,0,0,0,0,0,0,0,0,0,0,0,0,52,0,0,0,0,0,0,0,0,0,0,686,0,0,0,0,18825,0,0,0,0,0,0,0,0,0,0,0,0,0,0,0,0,0,0,0,0,0,0,0,0,0,0,0,0,0,9093,0,0,0,0,0,0,0,0,0,0,0,0,0,0,0,0,0,0,0,0,0,0,0,0,0,0
"70",3,0,0,0,0,0,0,0,468964,0,0,0,0,20282174,0,0,0,0,0,0,0,0,0,0,0,0,0,0,0,0,0,0,0,0,0,0,15711,0,0,0,0,0,0,0,0,0,0,0,0,0,0,0,0,0,0,0,0,0,0,0,0,0,0,0,0,0,0,0,0,0,0,0,0,4148439,0,0,0,0,0,0,0,0,0,0,0,0,0,0,0,0,0,0,0,0,0,0,0,0,0,0,0,0,0,0,0,0,0,0,0,0,0,0,0,0,0,0,0,0,0,0,0,0,0,0,0,0,0,0,0,0,0,0,0,0,0,0,0,0,0,0,0,78,0,0,0,0,0,0,0,0,0,0,0,0,0,0,0,0,0,0,0,0,0,0,0,0,0,0,0,0,0,0,0,0,0,0,0,0,0,0,0
"71",3,0,0,0,0,0,0,0,0,0,0,0,0,0,0,0,0,0,0,0,1303,215,0,0,0,0,0,0,0,0,0,0,0,0,0,0,0,0,0,0,0,0,0,0,0,0,0,0,0,0,0,0,0,0,0,0,0,0,0,0,0,0,0,0,2750,0,0,0,0,0,0,0,22621470,0,0,0,0,0,0,0,0,10299,0,0,0,0,0,0,0,0,0,0,56,0,0,0,0,0,0,0,0,0,0,0,0,0,0,0,483,0,0,0,0,0,0,0,0,0,0,0,0,0,0,0,0,0,0,0,0,0,0,0,0,9490,0,0,0,0,0,0,0,0,0,0,0,0,0,0,0,0,0,0,0,0,0,0,0,0,0,0,0,0,0,0,0,0,0,0,0,0,0,0,0,0,0,0,0,0,0,0,0
"72",3,0,16912,0,0,0,92921,0,147413,0,0,0,252282,406856,0,0,0,0,0,0,0,0,0,0,0,0,34494,0,0,0,0,367,0,0,0,0,0,117839,0,0,0,0,123,38200,0,0,0,0,18700,0,0,0,0,0,0,4082,0,0,0,0,0,0,107,0,0,0,0,0,0,0,0,0,0,801817,0,0,0,52427,4078,0,0,8924,0,0,432,0,0,0,0,0,0,0,0,78408,0,0,0,0,0,0,0,0,0,0,0,0,0,15517,132439,9925,0,0,0,0,972,829,0,6656,0,606,0,0,1863,0,86748,335926,0,0,0,0,0,0,0,0,0,0,0,0,0,0,0,0,761221,0,0,0,0,0,0,0,0,0,3605,0,1077,0,0,0,0,0,0,0,0,0,0,0,0,0,0,18,0,0,0,0,0,0,0,144,0,0,0
"73",3,0,1374,34401,0,3991,36264,0,35398,0,0,0,0,2839,0,0,159,0,0,3197,273,335322,2293,0,0,1640,12455,0,0,0,0,7404,0,0,0,0,0,0,0,0,0,5281,0,328316,0,0,107388,86940,1076573,0,0,0,0,1266,92430,499647,37104,472,982,0,0,0,0,2535,0,0,0,0,1668,0,0,0,0,0,0,0,0,62629,22504,0,0,233390,574586,0,6970,0,0,27257,0,0,0,0,0,0,0,0,0,0,0,10887,0,11903,2721,5563,4424,179615,44943,471,172773,533346,149476,0,40361,0,215364,938,1502,54227,0,509886,0,0,0,0,265953,116644,0,0,0,0,0,1464,0,42667,0,0,0,0,0,0,0,0,3823,0,0,0,0,0,0,0,0,0,44358,0,320192,0,0,0,0,0,0,0,0,0,0,0,0,0,0,0,0,0,0,0,0,0,404,0,0,0,0
"74",3,0,0,4200,4017,0,20040,0,17810,0,0,0,179356,19577,0,0,396,0,0,5673,455,0,0,9130,0,0,121,0,0,0,0,0,0,631,4464,0,0,3001,52516,3838,1541,0,0,78823,9411,0,2691,0,0,0,0,4915,0,0,5780,0,0,0,0,0,0,0,5167,0,33743,0,0,6300,0,4448,0,0,196639,1011202,420,4063,5899,25309,26141,0,16170,7490,0,0,0,0,0,0,0,0,0,0,0,0,0,0,0,0,0,0,0,0,0,0,0,0,9753,0,68468,0,0,0,2156,0,0,0,9142,8172,0,45032,4789,0,73858,681,0,38577,0,0,0,0,0,0,0,51055,0,1179,0,0,0,0,0,0,0,0,0,0,0,0,0,0,0,2196,0,0,4581,703,0,0,0,0,0,100,0,0,0,0,0,0,0,0,63,0,0,0,49,0,0,18,0,0,0
"75",3,0,0,0,0,0,1405,1456,0,0,0,0,0,0,0,0,0,0,0,0,0,0,0,0,0,0,54528,0,0,0,0,97,0,0,0,0,0,0,0,0,0,0,0,0,0,0,0,0,0,0,0,0,0,0,0,0,0,0,0,0,0,0,0,0,0,0,0,0,0,0,0,0,0,32230220,0,0,0,0,0,0,0,1974,0,0,0,0,0,0,0,0,0,0,0,0,0,0,18015,0,0,0,0,0,0,0,0,0,0,2551,9282,2164,0,0,0,0,0,0,0,0,0,28642,0,0,0,0,0,0,0,0,0,0,0,0,0,0,0,0,0,0,0,0,0,0,68406,0,0,0,0,0,0,0,0,0,0,0,0,0,0,0,0,0,0,0,0,0,0,0,0,126,0,0,0,0,0,0,198,0,0,0,0,0,0
