"","Acinetobacter_unclassified","Actinobaculum_massiliense","Actinobaculum_schaalii","Actinomyces_europaeus","Actinomyces_neuii","Actinomyces_turicensis","Aerococcus_urinae","Agrobacterium_tumefaciens","Agrobacterium_unclassified","Akkermansia_muciniphila","Alloscardovia_omnicolens","Anaerococcus_hydrogenalis","Anaerococcus_lactolyticus","Anaerococcus_obesiensis","Anaerococcus_prevotii","Anaerococcus_vaginalis","Anaeroglobus_geminatus","Atopobium_parvulum","Atopobium_vaginae","Bacteroides_fragilis","Bacteroides_uniformis","Bacteroides_vulgatus","Bifidobacterium_bifidum","Bifidobacterium_breve","Bifidobacterium_dentium","Bifidobacterium_longum","BK_polyomavirus","Bradyrhizobium_sp_DFCI_1","Brevibacterium_massiliense","Burkholderia_unclassified","Campylobacter_hominis","Campylobacter_ureolyticus","Candida_glabrata","Chryseobacterium_taeanense","Clostridiales_bacterium_BV3C26","Clostridiales_Family_XIII_Incertae_Sedis_unclassified","Collinsella_aerofaciens","Comamonas_unclassified","Coriobacteriaceae_bacterium_BV3Ac1","Corynebacterium_amycolatum","Corynebacterium_aurimucosum","Corynebacterium_glucuronolyticum","Corynebacterium_kroppenstedtii","Corynebacterium_pseudogenitalium","Corynebacterium_pyruviciproducens","Corynebacterium_sp_HFH0082","Corynebacterium_striatum","Corynebacterium_tuberculostearicum","Corynebacterium_urealyticum","Delftia_acidovorans","Delftia_unclassified","Dialister_invisus","Dialister_micraerophilus","Dorea_unclassified","Eggerthella_unclassified","Enterococcus_faecalis","Escherichia_coli","Escherichia_unclassified","Eubacterium_eligens","Eubacterium_hallii","Eubacterium_rectale","Facklamia_hominis","Facklamia_ignava","Facklamia_unclassified","Faecalibacterium_prausnitzii","Finegoldia_magna","Fusobacterium_nucleatum","Gardnerella_vaginalis","Haemophilus_parainfluenzae","Imtechella_halotolerans","JC_polyomavirus","Jonquetella_anthropi","Klebsiella_pneumoniae","Klebsiella_unclassified","Lachnospiraceae_bacterium_1_1_57FAA","Lachnospiraceae_bacterium_8_1_57FAA","Lactobacillus_crispatus","Lactobacillus_gasseri","Lactobacillus_iners","Lactobacillus_jensenii","Lactobacillus_rhamnosus","Lactobacillus_vaginalis","Malassezia_globosa","Megasphaera_micronuciformis","Meiothermus_silvanus","Merkel_cell_polyomavirus","Methanobrevibacter_smithii","Methylobacterium_populi","Micrococcus_luteus","Mobiluncus_curtisii","Mobiluncus_unclassified","Pantoea_unclassified","Parvimonas_unclassified","Peptoniphilus_duerdenii","Peptoniphilus_harei","Peptoniphilus_lacrimalis","Peptoniphilus_rhinitidis","Peptoniphilus_sp_BV3AC2","Peptoniphilus_sp_oral_taxon_375","Peptoniphilus_timonensis","Peptostreptococcus_anaerobius","Porphyromonas_asaccharolytica","Porphyromonas_bennonis","Porphyromonas_somerae","Porphyromonas_uenonis","Prevotella_bergensis","Prevotella_bivia","Prevotella_buccalis","Prevotella_disiens","Prevotella_timonensis","Propionibacteriaceae_unclassified","Propionibacterium_acnes","Propionibacterium_avidum","Propionibacterium_granulosum","Propionimicrobium_lymphophilum","Pseudomonas_unclassified","Ralstonia_pickettii","Ralstonia_unclassified","Rhodopseudomonas_palustris","Riemerella_unclassified","Roseburia_unclassified","Rothia_mucilaginosa","Ruminococcus_bromii","Ruminococcus_obeum","Ruminococcus_torques","Slackia_exigua","Slackia_unclassified","Staphylococcus_epidermidis","Staphylococcus_haemolyticus","Staphylococcus_hominis","Staphylococcus_lugdunensis","Staphylococcus_pasteuri","Staphylococcus_pettenkoferi","Staphylococcus_simulans","Staphylococcus_warneri","Stenotrophomonas_maltophilia","Stenotrophomonas_unclassified","Streptococcus_agalactiae","Streptococcus_anginosus","Streptococcus_constellatus","Streptococcus_infantis","Streptococcus_intermedius","Streptococcus_mitis_oralis_pneumoniae","Streptococcus_parasanguinis","Streptococcus_salivarius","Streptococcus_thermophilus","Streptococcus_vestibularis","Subdoligranulum_unclassified","Ureaplasma_parvum","Varibaculum_cambriense","Veillonella_atypica","Veillonella_parvula","Veillonella_unclassified"
"Acinetobacter_unclassified",1,0,0,0,0,0.001,0,0.003,0.455,1,0.004,0,0,0,0,0,1,1,0.988,1,1,1,1,0.008,0.575,0.005,1,0.002,0.002,0.849,1,0,1,1,0.005,0.004,1,0.003,0.004,0.002,0,1,1,0,0,1,0.002,0,0.074,0,0,0.003,0,1,0.011,0,0.002,0.001,1,1,1,0,0,1,1,0,0.001,0.008,1,0.003,0.004,1,0.005,1,1,1,1,0.003,0.006,1,1,1,1,1,0.001,1,1,0.004,1,0,1,1,1,0.002,0,0,0.002,0.01,0.003,0.01,1,0,0,0,0.001,0.001,0.001,0,0.01,0,0.004,0,0.001,1,0,0,0,0,0.004,1,1,1,1,0.517,0.519,0.005,0.002,0,0,0.001,0.002,1,1,0.009,1,0,0.002,1,0,1,1,1,0.011,0.066,0.014,1,1,0.002,1,0,0.191,0.002,0.004
"Actinobaculum_massiliense",0,1,0.001,0.001,0.001,0.999,0.001,0,0,0,0,0.001,0.001,0.001,0.001,0.001,0,0,0,0,0,0,0,0,0,0,0,0.184,0.19,0,0,0.001,0,0,0,0,0,0.001,0,0.19,0.001,0,0,0.001,0.001,0,0.184,0.001,0,0.001,0.001,0.001,0.007,0,0,0.001,0.998,0.999,0,0,0,0.001,0.001,0,0,0.001,0.999,0,0,0.002,0,0,0,0,0,0,0,0.001,0,0,0,0,0,0,0.185,0,0,0,0,0.001,0,0,0,0.188,0.001,0.001,0.998,0,0.001,0,0,0.001,0.001,0.001,0.999,0.999,0.999,0.001,0,0.001,0,0.001,0.999,0,0.001,0.007,0.003,0.001,0,0,0,0,0,0,0,0,0.188,0.001,0.001,0.999,0.184,0,0,0,0,0.001,0.189,0,0.001,0,0,0,0,0,0,0,0,0.189,0,0.001,0,0.189,0
"Actinobaculum_schaalii",0,0.001,1,1,0.895,0,0.018,0,0,0,0,0.925,1,0.002,0.002,0.002,0,0,0,0,0,0,0,0,0,0,0,0,0,0,0,0.991,0,0,0,0,0,0,0,0,0.008,0,0,0.923,0.967,0,0,0.925,0,0.566,1,0,0.002,0,0,0.008,0,0,0,0,0,0.002,1,0,0,0.001,0,0,0,0,0,0,0,0,0,0,0,0,0,0,0,0,0,0,0,0,0,0,0,0.072,0,0,0,0,0.001,1,0,0,0,0,0,0.074,1,0.008,0,0,0,0.985,0,1,0,1,0,0,0.999,0.002,0.005,0.008,0,0,0,0,0,0,0,0,0,0.926,0.008,0,0,0,0,0,0,1,0,0,0.008,0,0,0,0,0,0,0,0,0,0,0.001,0,0,0
"Actinomyces_europaeus",0,0.001,1,1,0.895,0,0.018,0,0,0,0,0.925,1,0.002,0.002,0.002,0,0,0,0,0,0,0,0,0,0,0,0,0,0,0,0.991,0,0,0,0,0,0,0,0,0.008,0,0,0.923,0.967,0,0,0.925,0,0.566,1,0,0.002,0,0,0.008,0,0,0,0,0,0.002,1,0,0,0.001,0,0,0,0,0,0,0,0,0,0,0,0,0,0,0,0,0,0,0,0,0,0,0,0.072,0,0,0,0,0.001,1,0,0,0,0,0,0.074,1,0.008,0,0,0,0.985,0,1,0,1,0,0,0.999,0.002,0.005,0.008,0,0,0,0,0,0,0,0,0,0.926,0.008,0,0,0,0,0,0,1,0,0,0.008,0,0,0,0,0,0,0,0,0,0,0.001,0,0,0
"Actinomyces_neuii",0,0.001,0.895,0.895,1,0,0.003,0,0,0,0,0.97,0.895,0.107,0.107,0.107,0,0,0,0,0,0,0,0,0,0,0,0,0,0,0,0.904,0,0,0,0,0,0,0,0,0.003,0,0,0.972,0.862,0,0,0.97,0,0.461,0.895,0,0.002,0,0,0.003,0,0,0,0,0,0.107,0.895,0,0,0.106,0,0,0,0,0,0,0,0,0,0,0,0,0,0,0,0,0,0,0,0,0,0,0,0.003,0,0,0,0,0.106,0.895,0,0,0,0,0,0.003,0.895,0.003,0,0,0,0.91,0,0.895,0,0.895,0,0,0.896,0.002,0.002,0.003,0,0,0,0,0,0,0,0,0,0.969,0.003,0,0,0,0,0,0,0.895,0,0,0.003,0,0,0,0,0,0,0,0,0,0,0.106,0,0,0
"Actinomyces_turicensis",0.001,0.999,0,0,0,1,0,0.001,0.001,0.001,0.001,0,0,0,0,0,0.001,0.001,0.001,0.001,0.001,0.001,0.001,0.001,0.001,0.001,0.001,0.185,0.191,0.001,0.001,0,0.001,0.001,0.001,0.001,0.001,0.002,0.001,0.191,0,0.001,0.001,0,0,0.001,0.185,0,0.001,0,0,0.002,0.006,0.001,0.001,0,0.999,1,0.001,0.001,0.001,0,0,0.001,0.001,0,1,0.001,0.001,0.003,0.001,0.001,0.001,0.001,0.001,0.001,0.001,0.002,0.001,0.001,0.001,0.001,0.001,0.001,0.186,0.001,0.001,0.001,0.001,0,0.001,0.001,0.001,0.189,0,0,0.999,0.001,0.002,0.001,0.001,0,0,0,1,1,1,0,0.001,0,0.001,0,1,0.001,0,0.006,0.002,0,0.001,0.001,0.001,0.001,0.001,0.001,0.001,0.001,0.189,0,0,1,0.185,0.001,0.001,0.001,0.001,0,0.19,0.001,0,0.001,0.001,0.001,0.001,0.001,0.001,0.001,0.001,0.19,0.001,0,0.001,0.19,0.001
"Aerococcus_urinae",0,0.001,0.018,0.018,0.003,0,1,0,0,0,0,0.005,0.018,0.002,0.002,0.002,0,0,0,0,0,0,0,0,0,0,0,0,0,0,0,0.009,0,0,0,0,0,0,0,0,0.99,0,0,0.004,0.051,0,0,0.005,0,0.452,0.018,0,0.984,0,0,0.99,0,0,0,0,0,0.002,0.018,0,0,0.001,0,0,0,0,0,0,0,0,0,0,0,0,0,0,0,0,0,0,0,0,0,0,0,0.946,0,0,0,0,0.001,0.018,0,0,0,0,0,0.944,0.018,0.99,0,0,0,0.006,0,0.018,0,0.018,0,0,0.017,0.984,0.987,0.99,0,0,0,0,0,0,0,0,0,0.005,0.99,0,0,0,0,0,0,0.018,0,0,0.99,0,0,0,0,0,0,0,0,0,0,0.001,0,0,0
"Agrobacterium_tumefaciens",0.003,0,0,0,0,0.001,0,1,0.003,0.003,0.187,0,0,0,0,0,0.003,0.003,0.003,0.003,0.003,0.003,0.003,0.183,0.003,0.186,0.003,0.816,0.81,0.003,0.003,0,0.003,0.003,0.186,0.187,0.003,0.997,0.187,0.81,0,0.003,0.003,0,0,0.003,0.816,0,0.117,0,0,0.997,0,0.003,0.18,0,0.002,0.001,0.003,0.003,0.003,0,0,0.003,0.003,0,0.001,0.183,0.003,0.996,0.187,0.003,0.186,0.003,0.003,0.003,0.003,0.997,0.185,0.003,0.003,0.003,0.003,0.003,0.815,0.003,0.003,0.187,0.003,0,0.003,0.003,0.003,0.812,0,0,0.002,0.181,0.998,0.181,0.003,0,0,0,0.001,0.001,0.001,0,0.181,0,0.187,0,0.001,0.003,0,0,0,0,0.187,0.003,0.003,0.003,0.003,0.003,0.003,0.186,0.812,0,0,0.001,0.816,0.003,0.003,0.182,0.003,0,0.811,0.003,0,0.003,0.003,0.003,0.18,0.128,0.177,0.003,0.003,0.811,0.003,0,0.003,0.811,0.192
"Agrobacterium_unclassified",0.455,0,0,0,0,0.001,0,0.003,1,0.455,0.549,0,0,0,0,0,0.455,0.455,0.467,0.455,0.455,0.455,0.455,0.553,0.852,0.55,0.455,0.002,0.002,0.606,0.455,0,0.455,0.455,0.55,0.549,0.455,0.003,0.549,0.002,0,0.455,0.455,0,0,0.455,0.002,0,0.619,0,0,0.003,0,0.455,0.556,0,0.002,0.001,0.455,0.455,0.455,0,0,0.455,0.455,0,0.001,0.553,0.455,0.003,0.549,0.455,0.55,0.455,0.455,0.455,0.455,0.003,0.551,0.455,0.455,0.455,0.455,0.455,0.001,0.455,0.455,0.549,0.455,0,0.455,0.455,0.455,0.002,0,0,0.002,0.555,0.003,0.555,0.455,0,0,0,0.001,0.001,0.001,0,0.555,0,0.549,0,0.001,0.455,0,0,0,0,0.549,0.455,0.455,0.455,0.455,0.922,0.918,0.55,0.002,0,0,0.001,0.002,0.455,0.455,0.554,0.455,0,0.002,0.455,0,0.455,0.455,0.455,0.556,0.611,0.559,0.455,0.455,0.002,0.455,0,0.736,0.002,0.544
"Akkermansia_muciniphila",1,0,0,0,0,0.001,0,0.003,0.455,1,0.004,0,0,0,0,0,1,1,0.988,1,1,1,1,0.008,0.575,0.005,1,0.002,0.002,0.849,1,0,1,1,0.005,0.004,1,0.003,0.004,0.002,0,1,1,0,0,1,0.002,0,0.074,0,0,0.003,0,1,0.011,0,0.002,0.001,1,1,1,0,0,1,1,0,0.001,0.008,1,0.003,0.004,1,0.005,1,1,1,1,0.003,0.006,1,1,1,1,1,0.001,1,1,0.004,1,0,1,1,1,0.002,0,0,0.002,0.01,0.003,0.01,1,0,0,0,0.001,0.001,0.001,0,0.01,0,0.004,0,0.001,1,0,0,0,0,0.004,1,1,1,1,0.517,0.519,0.005,0.002,0,0,0.001,0.002,1,1,0.009,1,0,0.002,1,0,1,1,1,0.011,0.066,0.014,1,1,0.002,1,0,0.191,0.002,0.004
"Alloscardovia_omnicolens",0.004,0,0,0,0,0.001,0,0.187,0.549,0.004,1,0,0,0,0,0,0.004,0.004,0.016,0.004,0.004,0.004,0.004,0.996,0.429,0.999,0.004,0.006,0.002,0.155,0.004,0,0.004,0.004,0.999,1,0.004,0.189,1,0.002,0,0.004,0.004,0,0,0.004,0.006,0,0.93,0,0,0.189,0,0.004,0.993,0,0.002,0.001,0.004,0.004,0.004,0,0,0.004,0.004,0,0.001,0.996,0.004,0.188,1,0.004,0.999,0.004,0.004,0.004,0.004,0.189,0.998,0.004,0.004,0.004,0.004,0.004,0.004,0.004,0.004,1,0.004,0,0.004,0.004,0.004,0.002,0,0,0.002,0.994,0.188,0.994,0.004,0,0,0,0.001,0.001,0.001,0,0.994,0,1,0,0.001,0.004,0,0,0,0,1,0.004,0.004,0.004,0.004,0.487,0.485,0.999,0.002,0,0,0.001,0.007,0.004,0.004,0.995,0.004,0,0.002,0.004,0,0.004,0.004,0.004,0.993,0.938,0.99,0.004,0.004,0.002,0.004,0,0.813,0.002,0.995
"Anaerococcus_hydrogenalis",0,0.001,0.925,0.925,0.97,0,0.005,0,0,0,0,1,0.925,0.077,0.077,0.077,0,0,0,0,0,0,0,0,0,0,0,0,0,0,0,0.934,0,0,0,0,0,0,0,0,0.005,0,0,0.998,0.892,0,0,1,0,0.491,0.925,0,0.002,0,0,0.005,0,0,0,0,0,0.077,0.925,0,0,0.076,0,0,0,0,0,0,0,0,0,0,0,0,0,0,0,0,0,0,0,0,0,0,0,0.005,0,0,0,0,0.076,0.925,0,0,0,0,0,0.005,0.925,0.005,0,0,0,0.94,0,0.925,0,0.925,0,0,0.926,0.002,0.003,0.005,0,0,0,0,0,0,0,0,0,0.999,0.005,0,0,0,0,0,0,0.925,0,0,0.005,0,0,0,0,0,0,0,0,0,0,0.076,0,0,0
"Anaerococcus_lactolyticus",0,0.001,1,1,0.895,0,0.018,0,0,0,0,0.925,1,0.002,0.002,0.002,0,0,0,0,0,0,0,0,0,0,0,0,0,0,0,0.991,0,0,0,0,0,0,0,0,0.008,0,0,0.923,0.967,0,0,0.925,0,0.566,1,0,0.002,0,0,0.008,0,0,0,0,0,0.002,1,0,0,0.001,0,0,0,0,0,0,0,0,0,0,0,0,0,0,0,0,0,0,0,0,0,0,0,0.072,0,0,0,0,0.001,1,0,0,0,0,0,0.074,1,0.008,0,0,0,0.985,0,1,0,1,0,0,0.999,0.002,0.005,0.008,0,0,0,0,0,0,0,0,0,0.926,0.008,0,0,0,0,0,0,1,0,0,0.008,0,0,0,0,0,0,0,0,0,0,0.001,0,0,0
"Anaerococcus_obesiensis",0,0.001,0.002,0.002,0.107,0,0.002,0,0,0,0,0.077,0.002,1,1,1,0,0,0,0,0,0,0,0,0,0,0,0,0,0,0,0.011,0,0,0,0,0,0,0,0,0.002,0,0,0.079,0.002,0,0,0.077,0,0.002,0.002,0,0.002,0,0,0.002,0,0,0,0,0,1,0.002,0,0,0.999,0,0,0,0,0,0,0,0,0,0,0,0,0,0,0,0,0,0,0,0,0,0,0,0.002,0,0,0,0,0.999,0.002,0,0,0,0,0,0.002,0.002,0.002,0,0,0,0.017,0,0.002,0,0.002,0,0,0.003,0.002,0.002,0.002,0,0,0,0,0,0,0,0,0,0.076,0.002,0,0,0,0,0,0,0.002,0,0,0.002,0,0,0,0,0,0,0,0,0,0,0.999,0,0,0
"Anaerococcus_prevotii",0,0.001,0.002,0.002,0.107,0,0.002,0,0,0,0,0.077,0.002,1,1,1,0,0,0,0,0,0,0,0,0,0,0,0,0,0,0,0.011,0,0,0,0,0,0,0,0,0.002,0,0,0.079,0.002,0,0,0.077,0,0.002,0.002,0,0.002,0,0,0.002,0,0,0,0,0,1,0.002,0,0,0.999,0,0,0,0,0,0,0,0,0,0,0,0,0,0,0,0,0,0,0,0,0,0,0,0.002,0,0,0,0,0.999,0.002,0,0,0,0,0,0.002,0.002,0.002,0,0,0,0.017,0,0.002,0,0.002,0,0,0.003,0.002,0.002,0.002,0,0,0,0,0,0,0,0,0,0.076,0.002,0,0,0,0,0,0,0.002,0,0,0.002,0,0,0,0,0,0,0,0,0,0,0.999,0,0,0
"Anaerococcus_vaginalis",0,0.001,0.002,0.002,0.107,0,0.002,0,0,0,0,0.077,0.002,1,1,1,0,0,0,0,0,0,0,0,0,0,0,0,0,0,0,0.011,0,0,0,0,0,0,0,0,0.002,0,0,0.079,0.002,0,0,0.077,0,0.002,0.002,0,0.002,0,0,0.002,0,0,0,0,0,1,0.002,0,0,0.999,0,0,0,0,0,0,0,0,0,0,0,0,0,0,0,0,0,0,0,0,0,0,0,0.002,0,0,0,0,0.999,0.002,0,0,0,0,0,0.002,0.002,0.002,0,0,0,0.017,0,0.002,0,0.002,0,0,0.003,0.002,0.002,0.002,0,0,0,0,0,0,0,0,0,0.076,0.002,0,0,0,0,0,0,0.002,0,0,0.002,0,0,0,0,0,0,0,0,0,0,0.999,0,0,0
"Anaeroglobus_geminatus",1,0,0,0,0,0.001,0,0.003,0.455,1,0.004,0,0,0,0,0,1,1,0.988,1,1,1,1,0.008,0.575,0.005,1,0.002,0.002,0.849,1,0,1,1,0.005,0.004,1,0.003,0.004,0.002,0,1,1,0,0,1,0.002,0,0.074,0,0,0.003,0,1,0.011,0,0.002,0.001,1,1,1,0,0,1,1,0,0.001,0.008,1,0.003,0.004,1,0.005,1,1,1,1,0.003,0.006,1,1,1,1,1,0.001,1,1,0.004,1,0,1,1,1,0.002,0,0,0.002,0.01,0.003,0.01,1,0,0,0,0.001,0.001,0.001,0,0.01,0,0.004,0,0.001,1,0,0,0,0,0.004,1,1,1,1,0.517,0.519,0.005,0.002,0,0,0.001,0.002,1,1,0.009,1,0,0.002,1,0,1,1,1,0.011,0.066,0.014,1,1,0.002,1,0,0.191,0.002,0.004
"Atopobium_parvulum",1,0,0,0,0,0.001,0,0.003,0.455,1,0.004,0,0,0,0,0,1,1,0.988,1,1,1,1,0.008,0.575,0.005,1,0.002,0.002,0.849,1,0,1,1,0.005,0.004,1,0.003,0.004,0.002,0,1,1,0,0,1,0.002,0,0.074,0,0,0.003,0,1,0.011,0,0.002,0.001,1,1,1,0,0,1,1,0,0.001,0.008,1,0.003,0.004,1,0.005,1,1,1,1,0.003,0.006,1,1,1,1,1,0.001,1,1,0.004,1,0,1,1,1,0.002,0,0,0.002,0.01,0.003,0.01,1,0,0,0,0.001,0.001,0.001,0,0.01,0,0.004,0,0.001,1,0,0,0,0,0.004,1,1,1,1,0.517,0.519,0.005,0.002,0,0,0.001,0.002,1,1,0.009,1,0,0.002,1,0,1,1,1,0.011,0.066,0.014,1,1,0.002,1,0,0.191,0.002,0.004
"Atopobium_vaginae",0.988,0,0,0,0,0.001,0,0.003,0.467,0.988,0.016,0,0,0,0,0,0.988,0.988,1,0.988,0.988,0.988,0.988,0.02,0.587,0.017,0.988,0.002,0.002,0.857,0.988,0,0.988,0.988,0.017,0.016,0.988,0.003,0.016,0.002,0,0.988,0.988,0,0,0.988,0.002,0,0.086,0,0,0.003,0,0.988,0.023,0,0.002,0.001,0.988,0.988,0.988,0,0,0.988,0.988,0,0.001,0.02,0.988,0.003,0.016,0.988,0.017,0.988,0.988,0.988,0.988,0.003,0.018,0.988,0.988,0.988,0.988,0.988,0.001,0.988,0.988,0.016,0.988,0,0.988,0.988,0.988,0.002,0,0,0.002,0.022,0.003,0.022,0.988,0,0,0,0.001,0.001,0.001,0,0.022,0,0.016,0,0.001,0.988,0,0,0,0,0.016,0.988,0.988,0.988,0.988,0.529,0.531,0.017,0.002,0,0,0.001,0.002,0.988,0.988,0.021,0.988,0,0.002,0.988,0,0.988,0.988,0.988,0.023,0.078,0.026,0.988,0.988,0.002,0.988,0,0.203,0.002,0.013
"Bacteroides_fragilis",1,0,0,0,0,0.001,0,0.003,0.455,1,0.004,0,0,0,0,0,1,1,0.988,1,1,1,1,0.008,0.575,0.005,1,0.002,0.002,0.849,1,0,1,1,0.005,0.004,1,0.003,0.004,0.002,0,1,1,0,0,1,0.002,0,0.074,0,0,0.003,0,1,0.011,0,0.002,0.001,1,1,1,0,0,1,1,0,0.001,0.008,1,0.003,0.004,1,0.005,1,1,1,1,0.003,0.006,1,1,1,1,1,0.001,1,1,0.004,1,0,1,1,1,0.002,0,0,0.002,0.01,0.003,0.01,1,0,0,0,0.001,0.001,0.001,0,0.01,0,0.004,0,0.001,1,0,0,0,0,0.004,1,1,1,1,0.517,0.519,0.005,0.002,0,0,0.001,0.002,1,1,0.009,1,0,0.002,1,0,1,1,1,0.011,0.066,0.014,1,1,0.002,1,0,0.191,0.002,0.004
"Bacteroides_uniformis",1,0,0,0,0,0.001,0,0.003,0.455,1,0.004,0,0,0,0,0,1,1,0.988,1,1,1,1,0.008,0.575,0.005,1,0.002,0.002,0.849,1,0,1,1,0.005,0.004,1,0.003,0.004,0.002,0,1,1,0,0,1,0.002,0,0.074,0,0,0.003,0,1,0.011,0,0.002,0.001,1,1,1,0,0,1,1,0,0.001,0.008,1,0.003,0.004,1,0.005,1,1,1,1,0.003,0.006,1,1,1,1,1,0.001,1,1,0.004,1,0,1,1,1,0.002,0,0,0.002,0.01,0.003,0.01,1,0,0,0,0.001,0.001,0.001,0,0.01,0,0.004,0,0.001,1,0,0,0,0,0.004,1,1,1,1,0.517,0.519,0.005,0.002,0,0,0.001,0.002,1,1,0.009,1,0,0.002,1,0,1,1,1,0.011,0.066,0.014,1,1,0.002,1,0,0.191,0.002,0.004
"Bacteroides_vulgatus",1,0,0,0,0,0.001,0,0.003,0.455,1,0.004,0,0,0,0,0,1,1,0.988,1,1,1,1,0.008,0.575,0.005,1,0.002,0.002,0.849,1,0,1,1,0.005,0.004,1,0.003,0.004,0.002,0,1,1,0,0,1,0.002,0,0.074,0,0,0.003,0,1,0.011,0,0.002,0.001,1,1,1,0,0,1,1,0,0.001,0.008,1,0.003,0.004,1,0.005,1,1,1,1,0.003,0.006,1,1,1,1,1,0.001,1,1,0.004,1,0,1,1,1,0.002,0,0,0.002,0.01,0.003,0.01,1,0,0,0,0.001,0.001,0.001,0,0.01,0,0.004,0,0.001,1,0,0,0,0,0.004,1,1,1,1,0.517,0.519,0.005,0.002,0,0,0.001,0.002,1,1,0.009,1,0,0.002,1,0,1,1,1,0.011,0.066,0.014,1,1,0.002,1,0,0.191,0.002,0.004
"Bifidobacterium_bifidum",1,0,0,0,0,0.001,0,0.003,0.455,1,0.004,0,0,0,0,0,1,1,0.988,1,1,1,1,0.008,0.575,0.005,1,0.002,0.002,0.849,1,0,1,1,0.005,0.004,1,0.003,0.004,0.002,0,1,1,0,0,1,0.002,0,0.074,0,0,0.003,0,1,0.011,0,0.002,0.001,1,1,1,0,0,1,1,0,0.001,0.008,1,0.003,0.004,1,0.005,1,1,1,1,0.003,0.006,1,1,1,1,1,0.001,1,1,0.004,1,0,1,1,1,0.002,0,0,0.002,0.01,0.003,0.01,1,0,0,0,0.001,0.001,0.001,0,0.01,0,0.004,0,0.001,1,0,0,0,0,0.004,1,1,1,1,0.517,0.519,0.005,0.002,0,0,0.001,0.002,1,1,0.009,1,0,0.002,1,0,1,1,1,0.011,0.066,0.014,1,1,0.002,1,0,0.191,0.002,0.004
"Bifidobacterium_breve",0.008,0,0,0,0,0.001,0,0.183,0.553,0.008,0.996,0,0,0,0,0,0.008,0.008,0.02,0.008,0.008,0.008,0.008,1,0.433,0.997,0.008,0.003,0.002,0.159,0.008,0,0.008,0.008,0.997,0.996,0.008,0.185,0.996,0.002,0,0.008,0.008,0,0,0.008,0.004,0,0.934,0,0,0.185,0,0.008,0.997,0,0.002,0.001,0.008,0.008,0.008,0,0,0.008,0.008,0,0.001,1,0.008,0.185,0.996,0.008,0.997,0.008,0.008,0.008,0.008,0.185,0.998,0.008,0.008,0.008,0.008,0.008,0.001,0.008,0.008,0.996,0.008,0,0.008,0.008,0.008,0.002,0,0,0.002,0.998,0.184,0.998,0.008,0,0,0,0.001,0.001,0.001,0,0.998,0,0.996,0,0.001,0.008,0,0,0,0,0.996,0.008,0.008,0.008,0.008,0.491,0.489,0.997,0.002,0,0,0.001,0.005,0.008,0.008,0.999,0.008,0,0.002,0.008,0,0.008,0.008,0.008,0.997,0.942,0.994,0.008,0.008,0.002,0.008,0,0.817,0.002,0.991
"Bifidobacterium_dentium",0.575,0,0,0,0,0.001,0,0.003,0.852,0.575,0.429,0,0,0,0,0,0.575,0.575,0.587,0.575,0.575,0.575,0.575,0.433,1,0.43,0.575,0.002,0.002,0.7,0.575,0,0.575,0.575,0.43,0.429,0.575,0.003,0.429,0.002,0,0.575,0.575,0,0,0.575,0.002,0,0.499,0,0,0.003,0,0.575,0.436,0,0.002,0.001,0.575,0.575,0.575,0,0,0.575,0.575,0,0.001,0.433,0.575,0.003,0.429,0.575,0.43,0.575,0.575,0.575,0.575,0.003,0.431,0.575,0.575,0.575,0.575,0.575,0.001,0.575,0.575,0.429,0.575,0,0.575,0.575,0.575,0.002,0,0,0.002,0.435,0.003,0.435,0.575,0,0,0,0.001,0.001,0.001,0,0.435,0,0.429,0,0.001,0.575,0,0,0,0,0.429,0.575,0.575,0.575,0.575,0.898,0.908,0.43,0.002,0,0,0.001,0.002,0.575,0.575,0.434,0.575,0,0.002,0.575,0,0.575,0.575,0.575,0.436,0.491,0.439,0.575,0.575,0.002,0.575,0,0.616,0.002,0.424
"Bifidobacterium_longum",0.005,0,0,0,0,0.001,0,0.186,0.55,0.005,0.999,0,0,0,0,0,0.005,0.005,0.017,0.005,0.005,0.005,0.005,0.997,0.43,1,0.005,0.006,0.002,0.156,0.005,0,0.005,0.005,1,0.999,0.005,0.188,0.999,0.002,0,0.005,0.005,0,0,0.005,0.006,0,0.931,0,0,0.188,0,0.005,0.994,0,0.002,0.001,0.005,0.005,0.005,0,0,0.005,0.005,0,0.001,0.997,0.005,0.188,0.999,0.005,1,0.005,0.005,0.005,0.005,0.188,0.999,0.005,0.005,0.005,0.005,0.005,0.003,0.005,0.005,0.999,0.005,0,0.005,0.005,0.005,0.002,0,0,0.002,0.995,0.187,0.995,0.005,0,0,0,0.001,0.001,0.001,0,0.995,0,0.999,0,0.001,0.005,0,0,0,0,0.999,0.005,0.005,0.005,0.005,0.488,0.486,1,0.002,0,0,0.001,0.007,0.005,0.005,0.996,0.005,0,0.002,0.005,0,0.005,0.005,0.005,0.994,0.939,0.991,0.005,0.005,0.002,0.005,0,0.814,0.002,0.994
"BK_polyomavirus",1,0,0,0,0,0.001,0,0.003,0.455,1,0.004,0,0,0,0,0,1,1,0.988,1,1,1,1,0.008,0.575,0.005,1,0.002,0.002,0.849,1,0,1,1,0.005,0.004,1,0.003,0.004,0.002,0,1,1,0,0,1,0.002,0,0.074,0,0,0.003,0,1,0.011,0,0.002,0.001,1,1,1,0,0,1,1,0,0.001,0.008,1,0.003,0.004,1,0.005,1,1,1,1,0.003,0.006,1,1,1,1,1,0.001,1,1,0.004,1,0,1,1,1,0.002,0,0,0.002,0.01,0.003,0.01,1,0,0,0,0.001,0.001,0.001,0,0.01,0,0.004,0,0.001,1,0,0,0,0,0.004,1,1,1,1,0.517,0.519,0.005,0.002,0,0,0.001,0.002,1,1,0.009,1,0,0.002,1,0,1,1,1,0.011,0.066,0.014,1,1,0.002,1,0,0.191,0.002,0.004
"Bradyrhizobium_sp_DFCI_1",0.002,0.184,0,0,0,0.185,0,0.816,0.002,0.002,0.006,0,0,0,0,0,0.002,0.002,0.002,0.002,0.002,0.002,0.002,0.003,0.002,0.006,0.002,1,0.994,0.002,0.002,0,0.002,0.002,0.006,0.006,0.002,0.817,0.006,0.994,0,0.002,0.002,0,0,0.002,0.998,0,0.002,0,0,0.817,0.003,0.002,0.002,0,0.186,0.185,0.002,0.002,0.002,0,0,0.002,0.002,0,0.185,0.003,0.002,0.818,0.006,0.002,0.006,0.002,0.002,0.002,0.002,0.817,0.005,0.002,0.002,0.002,0.002,0.002,0.995,0.002,0.002,0.006,0.002,0,0.002,0.002,0.002,0.996,0,0,0.186,0.002,0.817,0.002,0.002,0,0,0,0.185,0.185,0.185,0,0.002,0,0.006,0,0.185,0.002,0,0.003,0.002,0,0.006,0.002,0.002,0.002,0.002,0.002,0.002,0.006,0.996,0,0,0.185,0.996,0.002,0.002,0.002,0.002,0,0.995,0.002,0,0.002,0.002,0.002,0.002,0.002,0.002,0.002,0.002,0.995,0.002,0,0.002,0.995,0.011
"Brevibacterium_massiliense",0.002,0.19,0,0,0,0.191,0,0.81,0.002,0.002,0.002,0,0,0,0,0,0.002,0.002,0.002,0.002,0.002,0.002,0.002,0.002,0.002,0.002,0.002,0.994,1,0.002,0.002,0,0.002,0.002,0.002,0.002,0.002,0.811,0.002,1,0,0.002,0.002,0,0,0.002,0.994,0,0.002,0,0,0.811,0.006,0.002,0.002,0,0.192,0.191,0.002,0.002,0.002,0,0,0.002,0.002,0,0.191,0.002,0.002,0.812,0.002,0.002,0.002,0.002,0.002,0.002,0.002,0.811,0.002,0.002,0.002,0.002,0.002,0.002,0.993,0.002,0.002,0.002,0.002,0,0.002,0.002,0.002,0.998,0,0,0.192,0.002,0.811,0.002,0.002,0,0,0,0.191,0.191,0.191,0,0.002,0,0.002,0,0.191,0.002,0,0.006,0.002,0,0.002,0.002,0.002,0.002,0.002,0.002,0.002,0.002,0.998,0,0,0.191,0.994,0.002,0.002,0.002,0.002,0,0.999,0.002,0,0.002,0.002,0.002,0.002,0.002,0.002,0.002,0.002,0.999,0.002,0,0.002,0.999,0.007
"Burkholderia_unclassified",0.849,0,0,0,0,0.001,0,0.003,0.606,0.849,0.155,0,0,0,0,0,0.849,0.849,0.857,0.849,0.849,0.849,0.849,0.159,0.7,0.156,0.849,0.002,0.002,1,0.849,0,0.849,0.849,0.156,0.155,0.849,0.003,0.155,0.002,0,0.849,0.849,0,0,0.849,0.002,0,0.225,0,0,0.003,0,0.849,0.162,0,0.002,0.001,0.849,0.849,0.849,0,0,0.849,0.849,0,0.001,0.159,0.849,0.003,0.155,0.849,0.156,0.849,0.849,0.849,0.849,0.003,0.157,0.849,0.849,0.849,0.849,0.849,0.001,0.849,0.849,0.155,0.849,0,0.849,0.849,0.849,0.002,0,0,0.002,0.161,0.003,0.161,0.849,0,0,0,0.001,0.001,0.001,0,0.161,0,0.155,0,0.001,0.849,0,0,0,0,0.155,0.849,0.849,0.849,0.849,0.668,0.668,0.156,0.002,0,0,0.001,0.002,0.849,0.849,0.16,0.849,0,0.002,0.849,0,0.849,0.849,0.849,0.162,0.217,0.165,0.849,0.849,0.002,0.849,0,0.342,0.002,0.151
"Campylobacter_hominis",1,0,0,0,0,0.001,0,0.003,0.455,1,0.004,0,0,0,0,0,1,1,0.988,1,1,1,1,0.008,0.575,0.005,1,0.002,0.002,0.849,1,0,1,1,0.005,0.004,1,0.003,0.004,0.002,0,1,1,0,0,1,0.002,0,0.074,0,0,0.003,0,1,0.011,0,0.002,0.001,1,1,1,0,0,1,1,0,0.001,0.008,1,0.003,0.004,1,0.005,1,1,1,1,0.003,0.006,1,1,1,1,1,0.001,1,1,0.004,1,0,1,1,1,0.002,0,0,0.002,0.01,0.003,0.01,1,0,0,0,0.001,0.001,0.001,0,0.01,0,0.004,0,0.001,1,0,0,0,0,0.004,1,1,1,1,0.517,0.519,0.005,0.002,0,0,0.001,0.002,1,1,0.009,1,0,0.002,1,0,1,1,1,0.011,0.066,0.014,1,1,0.002,1,0,0.191,0.002,0.004
"Campylobacter_ureolyticus",0,0.001,0.991,0.991,0.904,0,0.009,0,0,0,0,0.934,0.991,0.011,0.011,0.011,0,0,0,0,0,0,0,0,0,0,0,0,0,0,0,1,0,0,0,0,0,0,0,0,0.007,0,0,0.932,0.958,0,0,0.934,0,0.557,0.991,0,0.002,0,0,0.007,0,0,0,0,0,0.011,0.991,0,0,0.01,0,0,0,0,0,0,0,0,0,0,0,0,0,0,0,0,0,0,0,0,0,0,0,0.063,0,0,0,0,0.01,0.991,0,0,0,0,0,0.065,0.991,0.007,0,0,0,0.994,0,0.991,0,0.991,0,0,0.992,0.002,0.005,0.007,0,0,0,0,0,0,0,0,0,0.935,0.007,0,0,0,0,0,0,0.991,0,0,0.007,0,0,0,0,0,0,0,0,0,0,0.01,0,0,0
"Candida_glabrata",1,0,0,0,0,0.001,0,0.003,0.455,1,0.004,0,0,0,0,0,1,1,0.988,1,1,1,1,0.008,0.575,0.005,1,0.002,0.002,0.849,1,0,1,1,0.005,0.004,1,0.003,0.004,0.002,0,1,1,0,0,1,0.002,0,0.074,0,0,0.003,0,1,0.011,0,0.002,0.001,1,1,1,0,0,1,1,0,0.001,0.008,1,0.003,0.004,1,0.005,1,1,1,1,0.003,0.006,1,1,1,1,1,0.001,1,1,0.004,1,0,1,1,1,0.002,0,0,0.002,0.01,0.003,0.01,1,0,0,0,0.001,0.001,0.001,0,0.01,0,0.004,0,0.001,1,0,0,0,0,0.004,1,1,1,1,0.517,0.519,0.005,0.002,0,0,0.001,0.002,1,1,0.009,1,0,0.002,1,0,1,1,1,0.011,0.066,0.014,1,1,0.002,1,0,0.191,0.002,0.004
"Chryseobacterium_taeanense",1,0,0,0,0,0.001,0,0.003,0.455,1,0.004,0,0,0,0,0,1,1,0.988,1,1,1,1,0.008,0.575,0.005,1,0.002,0.002,0.849,1,0,1,1,0.005,0.004,1,0.003,0.004,0.002,0,1,1,0,0,1,0.002,0,0.074,0,0,0.003,0,1,0.011,0,0.002,0.001,1,1,1,0,0,1,1,0,0.001,0.008,1,0.003,0.004,1,0.005,1,1,1,1,0.003,0.006,1,1,1,1,1,0.001,1,1,0.004,1,0,1,1,1,0.002,0,0,0.002,0.01,0.003,0.01,1,0,0,0,0.001,0.001,0.001,0,0.01,0,0.004,0,0.001,1,0,0,0,0,0.004,1,1,1,1,0.517,0.519,0.005,0.002,0,0,0.001,0.002,1,1,0.009,1,0,0.002,1,0,1,1,1,0.011,0.066,0.014,1,1,0.002,1,0,0.191,0.002,0.004
"Clostridiales_bacterium_BV3C26",0.005,0,0,0,0,0.001,0,0.186,0.55,0.005,0.999,0,0,0,0,0,0.005,0.005,0.017,0.005,0.005,0.005,0.005,0.997,0.43,1,0.005,0.006,0.002,0.156,0.005,0,0.005,0.005,1,0.999,0.005,0.188,0.999,0.002,0,0.005,0.005,0,0,0.005,0.006,0,0.931,0,0,0.188,0,0.005,0.994,0,0.002,0.001,0.005,0.005,0.005,0,0,0.005,0.005,0,0.001,0.997,0.005,0.188,0.999,0.005,1,0.005,0.005,0.005,0.005,0.188,0.999,0.005,0.005,0.005,0.005,0.005,0.003,0.005,0.005,0.999,0.005,0,0.005,0.005,0.005,0.002,0,0,0.002,0.995,0.187,0.995,0.005,0,0,0,0.001,0.001,0.001,0,0.995,0,0.999,0,0.001,0.005,0,0,0,0,0.999,0.005,0.005,0.005,0.005,0.488,0.486,1,0.002,0,0,0.001,0.007,0.005,0.005,0.996,0.005,0,0.002,0.005,0,0.005,0.005,0.005,0.994,0.939,0.991,0.005,0.005,0.002,0.005,0,0.814,0.002,0.994
"Clostridiales_Family_XIII_Incertae_Sedis_unclassified",0.004,0,0,0,0,0.001,0,0.187,0.549,0.004,1,0,0,0,0,0,0.004,0.004,0.016,0.004,0.004,0.004,0.004,0.996,0.429,0.999,0.004,0.006,0.002,0.155,0.004,0,0.004,0.004,0.999,1,0.004,0.189,1,0.002,0,0.004,0.004,0,0,0.004,0.006,0,0.93,0,0,0.189,0,0.004,0.993,0,0.002,0.001,0.004,0.004,0.004,0,0,0.004,0.004,0,0.001,0.996,0.004,0.188,1,0.004,0.999,0.004,0.004,0.004,0.004,0.189,0.998,0.004,0.004,0.004,0.004,0.004,0.004,0.004,0.004,1,0.004,0,0.004,0.004,0.004,0.002,0,0,0.002,0.994,0.188,0.994,0.004,0,0,0,0.001,0.001,0.001,0,0.994,0,1,0,0.001,0.004,0,0,0,0,1,0.004,0.004,0.004,0.004,0.487,0.485,0.999,0.002,0,0,0.001,0.007,0.004,0.004,0.995,0.004,0,0.002,0.004,0,0.004,0.004,0.004,0.993,0.938,0.99,0.004,0.004,0.002,0.004,0,0.813,0.002,0.995
"Collinsella_aerofaciens",1,0,0,0,0,0.001,0,0.003,0.455,1,0.004,0,0,0,0,0,1,1,0.988,1,1,1,1,0.008,0.575,0.005,1,0.002,0.002,0.849,1,0,1,1,0.005,0.004,1,0.003,0.004,0.002,0,1,1,0,0,1,0.002,0,0.074,0,0,0.003,0,1,0.011,0,0.002,0.001,1,1,1,0,0,1,1,0,0.001,0.008,1,0.003,0.004,1,0.005,1,1,1,1,0.003,0.006,1,1,1,1,1,0.001,1,1,0.004,1,0,1,1,1,0.002,0,0,0.002,0.01,0.003,0.01,1,0,0,0,0.001,0.001,0.001,0,0.01,0,0.004,0,0.001,1,0,0,0,0,0.004,1,1,1,1,0.517,0.519,0.005,0.002,0,0,0.001,0.002,1,1,0.009,1,0,0.002,1,0,1,1,1,0.011,0.066,0.014,1,1,0.002,1,0,0.191,0.002,0.004
"Comamonas_unclassified",0.003,0.001,0,0,0,0.002,0,0.997,0.003,0.003,0.189,0,0,0,0,0,0.003,0.003,0.003,0.003,0.003,0.003,0.003,0.185,0.003,0.188,0.003,0.817,0.811,0.003,0.003,0,0.003,0.003,0.188,0.189,0.003,1,0.189,0.811,0,0.003,0.003,0,0,0.003,0.817,0,0.119,0,0,1,0.001,0.003,0.182,0,0.003,0.002,0.003,0.003,0.003,0,0,0.003,0.003,0,0.002,0.185,0.003,0.999,0.189,0.003,0.188,0.003,0.003,0.003,0.003,1,0.187,0.003,0.003,0.003,0.003,0.003,0.815,0.003,0.003,0.189,0.003,0,0.003,0.003,0.003,0.813,0,0,0.003,0.183,0.999,0.183,0.003,0,0,0,0.002,0.002,0.002,0,0.183,0,0.189,0,0.002,0.003,0,0.001,0.001,0,0.189,0.003,0.003,0.003,0.003,0.003,0.003,0.188,0.813,0,0,0.002,0.817,0.003,0.003,0.184,0.003,0,0.812,0.003,0,0.003,0.003,0.003,0.182,0.128,0.179,0.003,0.003,0.812,0.003,0,0.003,0.812,0.194
"Coriobacteriaceae_bacterium_BV3Ac1",0.004,0,0,0,0,0.001,0,0.187,0.549,0.004,1,0,0,0,0,0,0.004,0.004,0.016,0.004,0.004,0.004,0.004,0.996,0.429,0.999,0.004,0.006,0.002,0.155,0.004,0,0.004,0.004,0.999,1,0.004,0.189,1,0.002,0,0.004,0.004,0,0,0.004,0.006,0,0.93,0,0,0.189,0,0.004,0.993,0,0.002,0.001,0.004,0.004,0.004,0,0,0.004,0.004,0,0.001,0.996,0.004,0.188,1,0.004,0.999,0.004,0.004,0.004,0.004,0.189,0.998,0.004,0.004,0.004,0.004,0.004,0.004,0.004,0.004,1,0.004,0,0.004,0.004,0.004,0.002,0,0,0.002,0.994,0.188,0.994,0.004,0,0,0,0.001,0.001,0.001,0,0.994,0,1,0,0.001,0.004,0,0,0,0,1,0.004,0.004,0.004,0.004,0.487,0.485,0.999,0.002,0,0,0.001,0.007,0.004,0.004,0.995,0.004,0,0.002,0.004,0,0.004,0.004,0.004,0.993,0.938,0.99,0.004,0.004,0.002,0.004,0,0.813,0.002,0.995
"Corynebacterium_amycolatum",0.002,0.19,0,0,0,0.191,0,0.81,0.002,0.002,0.002,0,0,0,0,0,0.002,0.002,0.002,0.002,0.002,0.002,0.002,0.002,0.002,0.002,0.002,0.994,1,0.002,0.002,0,0.002,0.002,0.002,0.002,0.002,0.811,0.002,1,0,0.002,0.002,0,0,0.002,0.994,0,0.002,0,0,0.811,0.006,0.002,0.002,0,0.192,0.191,0.002,0.002,0.002,0,0,0.002,0.002,0,0.191,0.002,0.002,0.812,0.002,0.002,0.002,0.002,0.002,0.002,0.002,0.811,0.002,0.002,0.002,0.002,0.002,0.002,0.993,0.002,0.002,0.002,0.002,0,0.002,0.002,0.002,0.998,0,0,0.192,0.002,0.811,0.002,0.002,0,0,0,0.191,0.191,0.191,0,0.002,0,0.002,0,0.191,0.002,0,0.006,0.002,0,0.002,0.002,0.002,0.002,0.002,0.002,0.002,0.002,0.998,0,0,0.191,0.994,0.002,0.002,0.002,0.002,0,0.999,0.002,0,0.002,0.002,0.002,0.002,0.002,0.002,0.002,0.002,0.999,0.002,0,0.002,0.999,0.007
"Corynebacterium_aurimucosum",0,0.001,0.008,0.008,0.003,0,0.99,0,0,0,0,0.005,0.008,0.002,0.002,0.002,0,0,0,0,0,0,0,0,0,0,0,0,0,0,0,0.007,0,0,0,0,0,0,0,0,1,0,0,0.004,0.041,0,0,0.005,0,0.442,0.008,0,0.994,0,0,1,0,0,0,0,0,0.002,0.008,0,0,0.001,0,0,0,0,0,0,0,0,0,0,0,0,0,0,0,0,0,0,0,0,0,0,0,0.936,0,0,0,0,0.001,0.008,0,0,0,0,0,0.934,0.008,1,0,0,0,0.006,0,0.008,0,0.008,0,0,0.008,0.994,0.997,1,0,0,0,0,0,0,0,0,0,0.005,1,0,0,0,0,0,0,0.008,0,0,1,0,0,0,0,0,0,0,0,0,0,0.001,0,0,0
"Corynebacterium_glucuronolyticum",1,0,0,0,0,0.001,0,0.003,0.455,1,0.004,0,0,0,0,0,1,1,0.988,1,1,1,1,0.008,0.575,0.005,1,0.002,0.002,0.849,1,0,1,1,0.005,0.004,1,0.003,0.004,0.002,0,1,1,0,0,1,0.002,0,0.074,0,0,0.003,0,1,0.011,0,0.002,0.001,1,1,1,0,0,1,1,0,0.001,0.008,1,0.003,0.004,1,0.005,1,1,1,1,0.003,0.006,1,1,1,1,1,0.001,1,1,0.004,1,0,1,1,1,0.002,0,0,0.002,0.01,0.003,0.01,1,0,0,0,0.001,0.001,0.001,0,0.01,0,0.004,0,0.001,1,0,0,0,0,0.004,1,1,1,1,0.517,0.519,0.005,0.002,0,0,0.001,0.002,1,1,0.009,1,0,0.002,1,0,1,1,1,0.011,0.066,0.014,1,1,0.002,1,0,0.191,0.002,0.004
"Corynebacterium_kroppenstedtii",1,0,0,0,0,0.001,0,0.003,0.455,1,0.004,0,0,0,0,0,1,1,0.988,1,1,1,1,0.008,0.575,0.005,1,0.002,0.002,0.849,1,0,1,1,0.005,0.004,1,0.003,0.004,0.002,0,1,1,0,0,1,0.002,0,0.074,0,0,0.003,0,1,0.011,0,0.002,0.001,1,1,1,0,0,1,1,0,0.001,0.008,1,0.003,0.004,1,0.005,1,1,1,1,0.003,0.006,1,1,1,1,1,0.001,1,1,0.004,1,0,1,1,1,0.002,0,0,0.002,0.01,0.003,0.01,1,0,0,0,0.001,0.001,0.001,0,0.01,0,0.004,0,0.001,1,0,0,0,0,0.004,1,1,1,1,0.517,0.519,0.005,0.002,0,0,0.001,0.002,1,1,0.009,1,0,0.002,1,0,1,1,1,0.011,0.066,0.014,1,1,0.002,1,0,0.191,0.002,0.004
"Corynebacterium_pseudogenitalium",0,0.001,0.923,0.923,0.972,0,0.004,0,0,0,0,0.998,0.923,0.079,0.079,0.079,0,0,0,0,0,0,0,0,0,0,0,0,0,0,0,0.932,0,0,0,0,0,0,0,0,0.004,0,0,1,0.89,0,0,0.998,0,0.489,0.923,0,0.002,0,0,0.004,0,0,0,0,0,0.079,0.923,0,0,0.078,0,0,0,0,0,0,0,0,0,0,0,0,0,0,0,0,0,0,0,0,0,0,0,0.004,0,0,0,0,0.078,0.923,0,0,0,0,0,0.004,0.923,0.004,0,0,0,0.938,0,0.923,0,0.923,0,0,0.924,0.002,0.002,0.004,0,0,0,0,0,0,0,0,0,0.997,0.004,0,0,0,0,0,0,0.923,0,0,0.004,0,0,0,0,0,0,0,0,0,0,0.078,0,0,0
"Corynebacterium_pyruviciproducens",0,0.001,0.967,0.967,0.862,0,0.051,0,0,0,0,0.892,0.967,0.002,0.002,0.002,0,0,0,0,0,0,0,0,0,0,0,0,0,0,0,0.958,0,0,0,0,0,0,0,0,0.041,0,0,0.89,1,0,0,0.892,0,0.599,0.967,0,0.035,0,0,0.041,0,0,0,0,0,0.002,0.967,0,0,0.001,0,0,0,0,0,0,0,0,0,0,0,0,0,0,0,0,0,0,0,0,0,0,0,0.105,0,0,0,0,0.001,0.967,0,0,0,0,0,0.107,0.967,0.041,0,0,0,0.952,0,0.967,0,0.967,0,0,0.966,0.035,0.038,0.041,0,0,0,0,0,0,0,0,0,0.893,0.041,0,0,0,0,0,0,0.967,0,0,0.041,0,0,0,0,0,0,0,0,0,0,0.001,0,0,0
"Corynebacterium_sp_HFH0082",1,0,0,0,0,0.001,0,0.003,0.455,1,0.004,0,0,0,0,0,1,1,0.988,1,1,1,1,0.008,0.575,0.005,1,0.002,0.002,0.849,1,0,1,1,0.005,0.004,1,0.003,0.004,0.002,0,1,1,0,0,1,0.002,0,0.074,0,0,0.003,0,1,0.011,0,0.002,0.001,1,1,1,0,0,1,1,0,0.001,0.008,1,0.003,0.004,1,0.005,1,1,1,1,0.003,0.006,1,1,1,1,1,0.001,1,1,0.004,1,0,1,1,1,0.002,0,0,0.002,0.01,0.003,0.01,1,0,0,0,0.001,0.001,0.001,0,0.01,0,0.004,0,0.001,1,0,0,0,0,0.004,1,1,1,1,0.517,0.519,0.005,0.002,0,0,0.001,0.002,1,1,0.009,1,0,0.002,1,0,1,1,1,0.011,0.066,0.014,1,1,0.002,1,0,0.191,0.002,0.004
"Corynebacterium_striatum",0.002,0.184,0,0,0,0.185,0,0.816,0.002,0.002,0.006,0,0,0,0,0,0.002,0.002,0.002,0.002,0.002,0.002,0.002,0.004,0.002,0.006,0.002,0.998,0.994,0.002,0.002,0,0.002,0.002,0.006,0.006,0.002,0.817,0.006,0.994,0,0.002,0.002,0,0,0.002,1,0,0.002,0,0,0.817,0.004,0.002,0.002,0,0.186,0.185,0.002,0.002,0.002,0,0,0.002,0.002,0,0.185,0.004,0.002,0.818,0.006,0.002,0.006,0.002,0.002,0.002,0.002,0.817,0.006,0.002,0.002,0.002,0.002,0.002,0.993,0.002,0.002,0.006,0.002,0,0.002,0.002,0.002,0.996,0,0,0.186,0.002,0.817,0.002,0.002,0,0,0,0.185,0.185,0.185,0,0.002,0,0.006,0,0.185,0.002,0,0.004,0.002,0,0.006,0.002,0.002,0.002,0.002,0.002,0.002,0.006,0.996,0,0,0.185,0.998,0.002,0.002,0.003,0.002,0,0.995,0.002,0,0.002,0.002,0.002,0.002,0.002,0.002,0.002,0.002,0.995,0.002,0,0.002,0.995,0.011
"Corynebacterium_tuberculostearicum",0,0.001,0.925,0.925,0.97,0,0.005,0,0,0,0,1,0.925,0.077,0.077,0.077,0,0,0,0,0,0,0,0,0,0,0,0,0,0,0,0.934,0,0,0,0,0,0,0,0,0.005,0,0,0.998,0.892,0,0,1,0,0.491,0.925,0,0.002,0,0,0.005,0,0,0,0,0,0.077,0.925,0,0,0.076,0,0,0,0,0,0,0,0,0,0,0,0,0,0,0,0,0,0,0,0,0,0,0,0.005,0,0,0,0,0.076,0.925,0,0,0,0,0,0.005,0.925,0.005,0,0,0,0.94,0,0.925,0,0.925,0,0,0.926,0.002,0.003,0.005,0,0,0,0,0,0,0,0,0,0.999,0.005,0,0,0,0,0,0,0.925,0,0,0.005,0,0,0,0,0,0,0,0,0,0,0.076,0,0,0
"Corynebacterium_urealyticum",0.074,0,0,0,0,0.001,0,0.117,0.619,0.074,0.93,0,0,0,0,0,0.074,0.074,0.086,0.074,0.074,0.074,0.074,0.934,0.499,0.931,0.074,0.002,0.002,0.225,0.074,0,0.074,0.074,0.931,0.93,0.074,0.119,0.93,0.002,0,0.074,0.074,0,0,0.074,0.002,0,1,0,0,0.119,0,0.074,0.937,0,0.002,0.001,0.074,0.074,0.074,0,0,0.074,0.074,0,0.001,0.934,0.074,0.119,0.93,0.074,0.931,0.074,0.074,0.074,0.074,0.119,0.932,0.074,0.074,0.074,0.074,0.074,0.001,0.074,0.074,0.93,0.074,0,0.074,0.074,0.074,0.002,0,0,0.002,0.936,0.118,0.936,0.074,0,0,0,0.001,0.001,0.001,0,0.936,0,0.93,0,0.001,0.074,0,0,0,0,0.93,0.074,0.074,0.074,0.074,0.557,0.555,0.931,0.002,0,0,0.001,0.002,0.074,0.074,0.935,0.074,0,0.002,0.074,0,0.074,0.074,0.074,0.937,0.908,0.936,0.074,0.074,0.002,0.074,0,0.883,0.002,0.925
"Delftia_acidovorans",0,0.001,0.566,0.566,0.461,0,0.452,0,0,0,0,0.491,0.566,0.002,0.002,0.002,0,0,0,0,0,0,0,0,0,0,0,0,0,0,0,0.557,0,0,0,0,0,0,0,0,0.442,0,0,0.489,0.599,0,0,0.491,0,1,0.566,0,0.436,0,0,0.442,0,0,0,0,0,0.002,0.566,0,0,0.001,0,0,0,0,0,0,0,0,0,0,0,0,0,0,0,0,0,0,0,0,0,0,0,0.506,0,0,0,0,0.001,0.566,0,0,0,0,0,0.508,0.566,0.442,0,0,0,0.551,0,0.566,0,0.566,0,0,0.565,0.436,0.439,0.442,0,0,0,0,0,0,0,0,0,0.492,0.442,0,0,0,0,0,0,0.566,0,0,0.442,0,0,0,0,0,0,0,0,0,0,0.001,0,0,0
"Delftia_unclassified",0,0.001,1,1,0.895,0,0.018,0,0,0,0,0.925,1,0.002,0.002,0.002,0,0,0,0,0,0,0,0,0,0,0,0,0,0,0,0.991,0,0,0,0,0,0,0,0,0.008,0,0,0.923,0.967,0,0,0.925,0,0.566,1,0,0.002,0,0,0.008,0,0,0,0,0,0.002,1,0,0,0.001,0,0,0,0,0,0,0,0,0,0,0,0,0,0,0,0,0,0,0,0,0,0,0,0.072,0,0,0,0,0.001,1,0,0,0,0,0,0.074,1,0.008,0,0,0,0.985,0,1,0,1,0,0,0.999,0.002,0.005,0.008,0,0,0,0,0,0,0,0,0,0.926,0.008,0,0,0,0,0,0,1,0,0,0.008,0,0,0,0,0,0,0,0,0,0,0.001,0,0,0
"Dialister_invisus",0.003,0.001,0,0,0,0.002,0,0.997,0.003,0.003,0.189,0,0,0,0,0,0.003,0.003,0.003,0.003,0.003,0.003,0.003,0.185,0.003,0.188,0.003,0.817,0.811,0.003,0.003,0,0.003,0.003,0.188,0.189,0.003,1,0.189,0.811,0,0.003,0.003,0,0,0.003,0.817,0,0.119,0,0,1,0.001,0.003,0.182,0,0.003,0.002,0.003,0.003,0.003,0,0,0.003,0.003,0,0.002,0.185,0.003,0.999,0.189,0.003,0.188,0.003,0.003,0.003,0.003,1,0.187,0.003,0.003,0.003,0.003,0.003,0.815,0.003,0.003,0.189,0.003,0,0.003,0.003,0.003,0.813,0,0,0.003,0.183,0.999,0.183,0.003,0,0,0,0.002,0.002,0.002,0,0.183,0,0.189,0,0.002,0.003,0,0.001,0.001,0,0.189,0.003,0.003,0.003,0.003,0.003,0.003,0.188,0.813,0,0,0.002,0.817,0.003,0.003,0.184,0.003,0,0.812,0.003,0,0.003,0.003,0.003,0.182,0.128,0.179,0.003,0.003,0.812,0.003,0,0.003,0.812,0.194
"Dialister_micraerophilus",0,0.007,0.002,0.002,0.002,0.006,0.984,0,0,0,0,0.002,0.002,0.002,0.002,0.002,0,0,0,0,0,0,0,0,0,0,0,0.003,0.006,0,0,0.002,0,0,0,0,0,0.001,0,0.006,0.994,0,0,0.002,0.035,0,0.004,0.002,0,0.436,0.002,0.001,1,0,0,0.994,0.006,0.006,0,0,0,0.002,0.002,0,0,0.001,0.006,0,0,0.002,0,0,0,0,0,0,0,0.001,0,0,0,0,0,0,0.003,0,0,0,0,0.93,0,0,0,0.006,0.001,0.002,0.006,0,0.001,0,0,0.928,0.002,0.994,0.006,0.006,0.006,0.002,0,0.002,0,0.002,0.006,0,0.002,1,0.996,0.994,0,0,0,0,0,0,0,0,0.006,0.002,0.994,0.006,0.004,0,0,0,0,0.002,0.006,0,0.994,0,0,0,0,0,0,0,0,0.006,0,0.001,0,0.006,0
"Dorea_unclassified",1,0,0,0,0,0.001,0,0.003,0.455,1,0.004,0,0,0,0,0,1,1,0.988,1,1,1,1,0.008,0.575,0.005,1,0.002,0.002,0.849,1,0,1,1,0.005,0.004,1,0.003,0.004,0.002,0,1,1,0,0,1,0.002,0,0.074,0,0,0.003,0,1,0.011,0,0.002,0.001,1,1,1,0,0,1,1,0,0.001,0.008,1,0.003,0.004,1,0.005,1,1,1,1,0.003,0.006,1,1,1,1,1,0.001,1,1,0.004,1,0,1,1,1,0.002,0,0,0.002,0.01,0.003,0.01,1,0,0,0,0.001,0.001,0.001,0,0.01,0,0.004,0,0.001,1,0,0,0,0,0.004,1,1,1,1,0.517,0.519,0.005,0.002,0,0,0.001,0.002,1,1,0.009,1,0,0.002,1,0,1,1,1,0.011,0.066,0.014,1,1,0.002,1,0,0.191,0.002,0.004
"Eggerthella_unclassified",0.011,0,0,0,0,0.001,0,0.18,0.556,0.011,0.993,0,0,0,0,0,0.011,0.011,0.023,0.011,0.011,0.011,0.011,0.997,0.436,0.994,0.011,0.002,0.002,0.162,0.011,0,0.011,0.011,0.994,0.993,0.011,0.182,0.993,0.002,0,0.011,0.011,0,0,0.011,0.002,0,0.937,0,0,0.182,0,0.011,1,0,0.002,0.001,0.011,0.011,0.011,0,0,0.011,0.011,0,0.001,0.997,0.011,0.182,0.993,0.011,0.994,0.011,0.011,0.011,0.011,0.182,0.995,0.011,0.011,0.011,0.011,0.011,0.001,0.011,0.011,0.993,0.011,0,0.011,0.011,0.011,0.002,0,0,0.002,0.999,0.181,0.999,0.011,0,0,0,0.001,0.001,0.001,0,0.999,0,0.993,0,0.001,0.011,0,0,0,0,0.993,0.011,0.011,0.011,0.011,0.494,0.492,0.994,0.002,0,0,0.001,0.002,0.011,0.011,0.998,0.011,0,0.002,0.011,0,0.011,0.011,0.011,1,0.945,0.997,0.011,0.011,0.002,0.011,0,0.82,0.002,0.988
"Enterococcus_faecalis",0,0.001,0.008,0.008,0.003,0,0.99,0,0,0,0,0.005,0.008,0.002,0.002,0.002,0,0,0,0,0,0,0,0,0,0,0,0,0,0,0,0.007,0,0,0,0,0,0,0,0,1,0,0,0.004,0.041,0,0,0.005,0,0.442,0.008,0,0.994,0,0,1,0,0,0,0,0,0.002,0.008,0,0,0.001,0,0,0,0,0,0,0,0,0,0,0,0,0,0,0,0,0,0,0,0,0,0,0,0.936,0,0,0,0,0.001,0.008,0,0,0,0,0,0.934,0.008,1,0,0,0,0.006,0,0.008,0,0.008,0,0,0.008,0.994,0.997,1,0,0,0,0,0,0,0,0,0,0.005,1,0,0,0,0,0,0,0.008,0,0,1,0,0,0,0,0,0,0,0,0,0,0.001,0,0,0
"Escherichia_coli",0.002,0.998,0,0,0,0.999,0,0.002,0.002,0.002,0.002,0,0,0,0,0,0.002,0.002,0.002,0.002,0.002,0.002,0.002,0.002,0.002,0.002,0.002,0.186,0.192,0.002,0.002,0,0.002,0.002,0.002,0.002,0.002,0.003,0.002,0.192,0,0.002,0.002,0,0,0.002,0.186,0,0.002,0,0,0.003,0.006,0.002,0.002,0,1,0.999,0.002,0.002,0.002,0,0,0.002,0.002,0,0.999,0.002,0.002,0.004,0.002,0.002,0.002,0.002,0.002,0.002,0.002,0.003,0.002,0.002,0.002,0.002,0.002,0.002,0.185,0.002,0.002,0.002,0.002,0,0.002,0.002,0.002,0.19,0,0,1,0.002,0.003,0.002,0.002,0,0,0,0.999,0.999,0.999,0,0.002,0,0.002,0,0.999,0.002,0,0.006,0.002,0,0.002,0.002,0.002,0.002,0.002,0.002,0.002,0.002,0.19,0,0,0.999,0.186,0.002,0.002,0.002,0.002,0,0.191,0.002,0,0.002,0.002,0.002,0.002,0.002,0.002,0.002,0.002,0.191,0.002,0,0.002,0.191,0.002
"Escherichia_unclassified",0.001,0.999,0,0,0,1,0,0.001,0.001,0.001,0.001,0,0,0,0,0,0.001,0.001,0.001,0.001,0.001,0.001,0.001,0.001,0.001,0.001,0.001,0.185,0.191,0.001,0.001,0,0.001,0.001,0.001,0.001,0.001,0.002,0.001,0.191,0,0.001,0.001,0,0,0.001,0.185,0,0.001,0,0,0.002,0.006,0.001,0.001,0,0.999,1,0.001,0.001,0.001,0,0,0.001,0.001,0,1,0.001,0.001,0.003,0.001,0.001,0.001,0.001,0.001,0.001,0.001,0.002,0.001,0.001,0.001,0.001,0.001,0.001,0.186,0.001,0.001,0.001,0.001,0,0.001,0.001,0.001,0.189,0,0,0.999,0.001,0.002,0.001,0.001,0,0,0,1,1,1,0,0.001,0,0.001,0,1,0.001,0,0.006,0.002,0,0.001,0.001,0.001,0.001,0.001,0.001,0.001,0.001,0.189,0,0,1,0.185,0.001,0.001,0.001,0.001,0,0.19,0.001,0,0.001,0.001,0.001,0.001,0.001,0.001,0.001,0.001,0.19,0.001,0,0.001,0.19,0.001
"Eubacterium_eligens",1,0,0,0,0,0.001,0,0.003,0.455,1,0.004,0,0,0,0,0,1,1,0.988,1,1,1,1,0.008,0.575,0.005,1,0.002,0.002,0.849,1,0,1,1,0.005,0.004,1,0.003,0.004,0.002,0,1,1,0,0,1,0.002,0,0.074,0,0,0.003,0,1,0.011,0,0.002,0.001,1,1,1,0,0,1,1,0,0.001,0.008,1,0.003,0.004,1,0.005,1,1,1,1,0.003,0.006,1,1,1,1,1,0.001,1,1,0.004,1,0,1,1,1,0.002,0,0,0.002,0.01,0.003,0.01,1,0,0,0,0.001,0.001,0.001,0,0.01,0,0.004,0,0.001,1,0,0,0,0,0.004,1,1,1,1,0.517,0.519,0.005,0.002,0,0,0.001,0.002,1,1,0.009,1,0,0.002,1,0,1,1,1,0.011,0.066,0.014,1,1,0.002,1,0,0.191,0.002,0.004
"Eubacterium_hallii",1,0,0,0,0,0.001,0,0.003,0.455,1,0.004,0,0,0,0,0,1,1,0.988,1,1,1,1,0.008,0.575,0.005,1,0.002,0.002,0.849,1,0,1,1,0.005,0.004,1,0.003,0.004,0.002,0,1,1,0,0,1,0.002,0,0.074,0,0,0.003,0,1,0.011,0,0.002,0.001,1,1,1,0,0,1,1,0,0.001,0.008,1,0.003,0.004,1,0.005,1,1,1,1,0.003,0.006,1,1,1,1,1,0.001,1,1,0.004,1,0,1,1,1,0.002,0,0,0.002,0.01,0.003,0.01,1,0,0,0,0.001,0.001,0.001,0,0.01,0,0.004,0,0.001,1,0,0,0,0,0.004,1,1,1,1,0.517,0.519,0.005,0.002,0,0,0.001,0.002,1,1,0.009,1,0,0.002,1,0,1,1,1,0.011,0.066,0.014,1,1,0.002,1,0,0.191,0.002,0.004
"Eubacterium_rectale",1,0,0,0,0,0.001,0,0.003,0.455,1,0.004,0,0,0,0,0,1,1,0.988,1,1,1,1,0.008,0.575,0.005,1,0.002,0.002,0.849,1,0,1,1,0.005,0.004,1,0.003,0.004,0.002,0,1,1,0,0,1,0.002,0,0.074,0,0,0.003,0,1,0.011,0,0.002,0.001,1,1,1,0,0,1,1,0,0.001,0.008,1,0.003,0.004,1,0.005,1,1,1,1,0.003,0.006,1,1,1,1,1,0.001,1,1,0.004,1,0,1,1,1,0.002,0,0,0.002,0.01,0.003,0.01,1,0,0,0,0.001,0.001,0.001,0,0.01,0,0.004,0,0.001,1,0,0,0,0,0.004,1,1,1,1,0.517,0.519,0.005,0.002,0,0,0.001,0.002,1,1,0.009,1,0,0.002,1,0,1,1,1,0.011,0.066,0.014,1,1,0.002,1,0,0.191,0.002,0.004
"Facklamia_hominis",0,0.001,0.002,0.002,0.107,0,0.002,0,0,0,0,0.077,0.002,1,1,1,0,0,0,0,0,0,0,0,0,0,0,0,0,0,0,0.011,0,0,0,0,0,0,0,0,0.002,0,0,0.079,0.002,0,0,0.077,0,0.002,0.002,0,0.002,0,0,0.002,0,0,0,0,0,1,0.002,0,0,0.999,0,0,0,0,0,0,0,0,0,0,0,0,0,0,0,0,0,0,0,0,0,0,0,0.002,0,0,0,0,0.999,0.002,0,0,0,0,0,0.002,0.002,0.002,0,0,0,0.017,0,0.002,0,0.002,0,0,0.003,0.002,0.002,0.002,0,0,0,0,0,0,0,0,0,0.076,0.002,0,0,0,0,0,0,0.002,0,0,0.002,0,0,0,0,0,0,0,0,0,0,0.999,0,0,0
"Facklamia_ignava",0,0.001,1,1,0.895,0,0.018,0,0,0,0,0.925,1,0.002,0.002,0.002,0,0,0,0,0,0,0,0,0,0,0,0,0,0,0,0.991,0,0,0,0,0,0,0,0,0.008,0,0,0.923,0.967,0,0,0.925,0,0.566,1,0,0.002,0,0,0.008,0,0,0,0,0,0.002,1,0,0,0.001,0,0,0,0,0,0,0,0,0,0,0,0,0,0,0,0,0,0,0,0,0,0,0,0.072,0,0,0,0,0.001,1,0,0,0,0,0,0.074,1,0.008,0,0,0,0.985,0,1,0,1,0,0,0.999,0.002,0.005,0.008,0,0,0,0,0,0,0,0,0,0.926,0.008,0,0,0,0,0,0,1,0,0,0.008,0,0,0,0,0,0,0,0,0,0,0.001,0,0,0
"Facklamia_unclassified",1,0,0,0,0,0.001,0,0.003,0.455,1,0.004,0,0,0,0,0,1,1,0.988,1,1,1,1,0.008,0.575,0.005,1,0.002,0.002,0.849,1,0,1,1,0.005,0.004,1,0.003,0.004,0.002,0,1,1,0,0,1,0.002,0,0.074,0,0,0.003,0,1,0.011,0,0.002,0.001,1,1,1,0,0,1,1,0,0.001,0.008,1,0.003,0.004,1,0.005,1,1,1,1,0.003,0.006,1,1,1,1,1,0.001,1,1,0.004,1,0,1,1,1,0.002,0,0,0.002,0.01,0.003,0.01,1,0,0,0,0.001,0.001,0.001,0,0.01,0,0.004,0,0.001,1,0,0,0,0,0.004,1,1,1,1,0.517,0.519,0.005,0.002,0,0,0.001,0.002,1,1,0.009,1,0,0.002,1,0,1,1,1,0.011,0.066,0.014,1,1,0.002,1,0,0.191,0.002,0.004
"Faecalibacterium_prausnitzii",1,0,0,0,0,0.001,0,0.003,0.455,1,0.004,0,0,0,0,0,1,1,0.988,1,1,1,1,0.008,0.575,0.005,1,0.002,0.002,0.849,1,0,1,1,0.005,0.004,1,0.003,0.004,0.002,0,1,1,0,0,1,0.002,0,0.074,0,0,0.003,0,1,0.011,0,0.002,0.001,1,1,1,0,0,1,1,0,0.001,0.008,1,0.003,0.004,1,0.005,1,1,1,1,0.003,0.006,1,1,1,1,1,0.001,1,1,0.004,1,0,1,1,1,0.002,0,0,0.002,0.01,0.003,0.01,1,0,0,0,0.001,0.001,0.001,0,0.01,0,0.004,0,0.001,1,0,0,0,0,0.004,1,1,1,1,0.517,0.519,0.005,0.002,0,0,0.001,0.002,1,1,0.009,1,0,0.002,1,0,1,1,1,0.011,0.066,0.014,1,1,0.002,1,0,0.191,0.002,0.004
"Finegoldia_magna",0,0.001,0.001,0.001,0.106,0,0.001,0,0,0,0,0.076,0.001,0.999,0.999,0.999,0,0,0,0,0,0,0,0,0,0,0,0,0,0,0,0.01,0,0,0,0,0,0,0,0,0.001,0,0,0.078,0.001,0,0,0.076,0,0.001,0.001,0,0.001,0,0,0.001,0,0,0,0,0,0.999,0.001,0,0,1,0,0,0,0,0,0,0,0,0,0,0,0,0,0,0,0,0,0,0,0,0,0,0,0.001,0,0,0,0,1,0.001,0,0,0,0,0,0.001,0.001,0.001,0,0,0,0.016,0,0.001,0,0.001,0,0,0.002,0.001,0.001,0.001,0,0,0,0,0,0,0,0,0,0.075,0.001,0,0,0,0,0,0,0.001,0,0,0.001,0,0,0,0,0,0,0,0,0,0,1,0,0,0
"Fusobacterium_nucleatum",0.001,0.999,0,0,0,1,0,0.001,0.001,0.001,0.001,0,0,0,0,0,0.001,0.001,0.001,0.001,0.001,0.001,0.001,0.001,0.001,0.001,0.001,0.185,0.191,0.001,0.001,0,0.001,0.001,0.001,0.001,0.001,0.002,0.001,0.191,0,0.001,0.001,0,0,0.001,0.185,0,0.001,0,0,0.002,0.006,0.001,0.001,0,0.999,1,0.001,0.001,0.001,0,0,0.001,0.001,0,1,0.001,0.001,0.003,0.001,0.001,0.001,0.001,0.001,0.001,0.001,0.002,0.001,0.001,0.001,0.001,0.001,0.001,0.186,0.001,0.001,0.001,0.001,0,0.001,0.001,0.001,0.189,0,0,0.999,0.001,0.002,0.001,0.001,0,0,0,1,1,1,0,0.001,0,0.001,0,1,0.001,0,0.006,0.002,0,0.001,0.001,0.001,0.001,0.001,0.001,0.001,0.001,0.189,0,0,1,0.185,0.001,0.001,0.001,0.001,0,0.19,0.001,0,0.001,0.001,0.001,0.001,0.001,0.001,0.001,0.001,0.19,0.001,0,0.001,0.19,0.001
"Gardnerella_vaginalis",0.008,0,0,0,0,0.001,0,0.183,0.553,0.008,0.996,0,0,0,0,0,0.008,0.008,0.02,0.008,0.008,0.008,0.008,1,0.433,0.997,0.008,0.003,0.002,0.159,0.008,0,0.008,0.008,0.997,0.996,0.008,0.185,0.996,0.002,0,0.008,0.008,0,0,0.008,0.004,0,0.934,0,0,0.185,0,0.008,0.997,0,0.002,0.001,0.008,0.008,0.008,0,0,0.008,0.008,0,0.001,1,0.008,0.185,0.996,0.008,0.997,0.008,0.008,0.008,0.008,0.185,0.998,0.008,0.008,0.008,0.008,0.008,0.001,0.008,0.008,0.996,0.008,0,0.008,0.008,0.008,0.002,0,0,0.002,0.998,0.184,0.998,0.008,0,0,0,0.001,0.001,0.001,0,0.998,0,0.996,0,0.001,0.008,0,0,0,0,0.996,0.008,0.008,0.008,0.008,0.491,0.489,0.997,0.002,0,0,0.001,0.005,0.008,0.008,0.999,0.008,0,0.002,0.008,0,0.008,0.008,0.008,0.997,0.942,0.994,0.008,0.008,0.002,0.008,0,0.817,0.002,0.991
"Haemophilus_parainfluenzae",1,0,0,0,0,0.001,0,0.003,0.455,1,0.004,0,0,0,0,0,1,1,0.988,1,1,1,1,0.008,0.575,0.005,1,0.002,0.002,0.849,1,0,1,1,0.005,0.004,1,0.003,0.004,0.002,0,1,1,0,0,1,0.002,0,0.074,0,0,0.003,0,1,0.011,0,0.002,0.001,1,1,1,0,0,1,1,0,0.001,0.008,1,0.003,0.004,1,0.005,1,1,1,1,0.003,0.006,1,1,1,1,1,0.001,1,1,0.004,1,0,1,1,1,0.002,0,0,0.002,0.01,0.003,0.01,1,0,0,0,0.001,0.001,0.001,0,0.01,0,0.004,0,0.001,1,0,0,0,0,0.004,1,1,1,1,0.517,0.519,0.005,0.002,0,0,0.001,0.002,1,1,0.009,1,0,0.002,1,0,1,1,1,0.011,0.066,0.014,1,1,0.002,1,0,0.191,0.002,0.004
"Imtechella_halotolerans",0.003,0.002,0,0,0,0.003,0,0.996,0.003,0.003,0.188,0,0,0,0,0,0.003,0.003,0.003,0.003,0.003,0.003,0.003,0.185,0.003,0.188,0.003,0.818,0.812,0.003,0.003,0,0.003,0.003,0.188,0.188,0.003,0.999,0.188,0.812,0,0.003,0.003,0,0,0.003,0.818,0,0.119,0,0,0.999,0.002,0.003,0.182,0,0.004,0.003,0.003,0.003,0.003,0,0,0.003,0.003,0,0.003,0.185,0.003,1,0.188,0.003,0.188,0.003,0.003,0.003,0.003,0.999,0.187,0.003,0.003,0.003,0.003,0.003,0.814,0.003,0.003,0.188,0.003,0,0.003,0.003,0.003,0.814,0,0,0.004,0.183,0.998,0.183,0.003,0,0,0,0.003,0.003,0.003,0,0.183,0,0.188,0,0.003,0.003,0,0.002,0.001,0,0.188,0.003,0.003,0.003,0.003,0.003,0.003,0.188,0.814,0,0,0.003,0.818,0.003,0.003,0.184,0.003,0,0.813,0.003,0,0.003,0.003,0.003,0.182,0.128,0.179,0.003,0.003,0.813,0.003,0,0.003,0.813,0.193
"JC_polyomavirus",0.004,0,0,0,0,0.001,0,0.187,0.549,0.004,1,0,0,0,0,0,0.004,0.004,0.016,0.004,0.004,0.004,0.004,0.996,0.429,0.999,0.004,0.006,0.002,0.155,0.004,0,0.004,0.004,0.999,1,0.004,0.189,1,0.002,0,0.004,0.004,0,0,0.004,0.006,0,0.93,0,0,0.189,0,0.004,0.993,0,0.002,0.001,0.004,0.004,0.004,0,0,0.004,0.004,0,0.001,0.996,0.004,0.188,1,0.004,0.999,0.004,0.004,0.004,0.004,0.189,0.998,0.004,0.004,0.004,0.004,0.004,0.004,0.004,0.004,1,0.004,0,0.004,0.004,0.004,0.002,0,0,0.002,0.994,0.188,0.994,0.004,0,0,0,0.001,0.001,0.001,0,0.994,0,1,0,0.001,0.004,0,0,0,0,1,0.004,0.004,0.004,0.004,0.487,0.485,0.999,0.002,0,0,0.001,0.007,0.004,0.004,0.995,0.004,0,0.002,0.004,0,0.004,0.004,0.004,0.993,0.938,0.99,0.004,0.004,0.002,0.004,0,0.813,0.002,0.995
"Jonquetella_anthropi",1,0,0,0,0,0.001,0,0.003,0.455,1,0.004,0,0,0,0,0,1,1,0.988,1,1,1,1,0.008,0.575,0.005,1,0.002,0.002,0.849,1,0,1,1,0.005,0.004,1,0.003,0.004,0.002,0,1,1,0,0,1,0.002,0,0.074,0,0,0.003,0,1,0.011,0,0.002,0.001,1,1,1,0,0,1,1,0,0.001,0.008,1,0.003,0.004,1,0.005,1,1,1,1,0.003,0.006,1,1,1,1,1,0.001,1,1,0.004,1,0,1,1,1,0.002,0,0,0.002,0.01,0.003,0.01,1,0,0,0,0.001,0.001,0.001,0,0.01,0,0.004,0,0.001,1,0,0,0,0,0.004,1,1,1,1,0.517,0.519,0.005,0.002,0,0,0.001,0.002,1,1,0.009,1,0,0.002,1,0,1,1,1,0.011,0.066,0.014,1,1,0.002,1,0,0.191,0.002,0.004
"Klebsiella_pneumoniae",0.005,0,0,0,0,0.001,0,0.186,0.55,0.005,0.999,0,0,0,0,0,0.005,0.005,0.017,0.005,0.005,0.005,0.005,0.997,0.43,1,0.005,0.006,0.002,0.156,0.005,0,0.005,0.005,1,0.999,0.005,0.188,0.999,0.002,0,0.005,0.005,0,0,0.005,0.006,0,0.931,0,0,0.188,0,0.005,0.994,0,0.002,0.001,0.005,0.005,0.005,0,0,0.005,0.005,0,0.001,0.997,0.005,0.188,0.999,0.005,1,0.005,0.005,0.005,0.005,0.188,0.999,0.005,0.005,0.005,0.005,0.005,0.003,0.005,0.005,0.999,0.005,0,0.005,0.005,0.005,0.002,0,0,0.002,0.995,0.187,0.995,0.005,0,0,0,0.001,0.001,0.001,0,0.995,0,0.999,0,0.001,0.005,0,0,0,0,0.999,0.005,0.005,0.005,0.005,0.488,0.486,1,0.002,0,0,0.001,0.007,0.005,0.005,0.996,0.005,0,0.002,0.005,0,0.005,0.005,0.005,0.994,0.939,0.991,0.005,0.005,0.002,0.005,0,0.814,0.002,0.994
"Klebsiella_unclassified",1,0,0,0,0,0.001,0,0.003,0.455,1,0.004,0,0,0,0,0,1,1,0.988,1,1,1,1,0.008,0.575,0.005,1,0.002,0.002,0.849,1,0,1,1,0.005,0.004,1,0.003,0.004,0.002,0,1,1,0,0,1,0.002,0,0.074,0,0,0.003,0,1,0.011,0,0.002,0.001,1,1,1,0,0,1,1,0,0.001,0.008,1,0.003,0.004,1,0.005,1,1,1,1,0.003,0.006,1,1,1,1,1,0.001,1,1,0.004,1,0,1,1,1,0.002,0,0,0.002,0.01,0.003,0.01,1,0,0,0,0.001,0.001,0.001,0,0.01,0,0.004,0,0.001,1,0,0,0,0,0.004,1,1,1,1,0.517,0.519,0.005,0.002,0,0,0.001,0.002,1,1,0.009,1,0,0.002,1,0,1,1,1,0.011,0.066,0.014,1,1,0.002,1,0,0.191,0.002,0.004
"Lachnospiraceae_bacterium_1_1_57FAA",1,0,0,0,0,0.001,0,0.003,0.455,1,0.004,0,0,0,0,0,1,1,0.988,1,1,1,1,0.008,0.575,0.005,1,0.002,0.002,0.849,1,0,1,1,0.005,0.004,1,0.003,0.004,0.002,0,1,1,0,0,1,0.002,0,0.074,0,0,0.003,0,1,0.011,0,0.002,0.001,1,1,1,0,0,1,1,0,0.001,0.008,1,0.003,0.004,1,0.005,1,1,1,1,0.003,0.006,1,1,1,1,1,0.001,1,1,0.004,1,0,1,1,1,0.002,0,0,0.002,0.01,0.003,0.01,1,0,0,0,0.001,0.001,0.001,0,0.01,0,0.004,0,0.001,1,0,0,0,0,0.004,1,1,1,1,0.517,0.519,0.005,0.002,0,0,0.001,0.002,1,1,0.009,1,0,0.002,1,0,1,1,1,0.011,0.066,0.014,1,1,0.002,1,0,0.191,0.002,0.004
"Lachnospiraceae_bacterium_8_1_57FAA",1,0,0,0,0,0.001,0,0.003,0.455,1,0.004,0,0,0,0,0,1,1,0.988,1,1,1,1,0.008,0.575,0.005,1,0.002,0.002,0.849,1,0,1,1,0.005,0.004,1,0.003,0.004,0.002,0,1,1,0,0,1,0.002,0,0.074,0,0,0.003,0,1,0.011,0,0.002,0.001,1,1,1,0,0,1,1,0,0.001,0.008,1,0.003,0.004,1,0.005,1,1,1,1,0.003,0.006,1,1,1,1,1,0.001,1,1,0.004,1,0,1,1,1,0.002,0,0,0.002,0.01,0.003,0.01,1,0,0,0,0.001,0.001,0.001,0,0.01,0,0.004,0,0.001,1,0,0,0,0,0.004,1,1,1,1,0.517,0.519,0.005,0.002,0,0,0.001,0.002,1,1,0.009,1,0,0.002,1,0,1,1,1,0.011,0.066,0.014,1,1,0.002,1,0,0.191,0.002,0.004
"Lactobacillus_crispatus",1,0,0,0,0,0.001,0,0.003,0.455,1,0.004,0,0,0,0,0,1,1,0.988,1,1,1,1,0.008,0.575,0.005,1,0.002,0.002,0.849,1,0,1,1,0.005,0.004,1,0.003,0.004,0.002,0,1,1,0,0,1,0.002,0,0.074,0,0,0.003,0,1,0.011,0,0.002,0.001,1,1,1,0,0,1,1,0,0.001,0.008,1,0.003,0.004,1,0.005,1,1,1,1,0.003,0.006,1,1,1,1,1,0.001,1,1,0.004,1,0,1,1,1,0.002,0,0,0.002,0.01,0.003,0.01,1,0,0,0,0.001,0.001,0.001,0,0.01,0,0.004,0,0.001,1,0,0,0,0,0.004,1,1,1,1,0.517,0.519,0.005,0.002,0,0,0.001,0.002,1,1,0.009,1,0,0.002,1,0,1,1,1,0.011,0.066,0.014,1,1,0.002,1,0,0.191,0.002,0.004
"Lactobacillus_gasseri",0.003,0.001,0,0,0,0.002,0,0.997,0.003,0.003,0.189,0,0,0,0,0,0.003,0.003,0.003,0.003,0.003,0.003,0.003,0.185,0.003,0.188,0.003,0.817,0.811,0.003,0.003,0,0.003,0.003,0.188,0.189,0.003,1,0.189,0.811,0,0.003,0.003,0,0,0.003,0.817,0,0.119,0,0,1,0.001,0.003,0.182,0,0.003,0.002,0.003,0.003,0.003,0,0,0.003,0.003,0,0.002,0.185,0.003,0.999,0.189,0.003,0.188,0.003,0.003,0.003,0.003,1,0.187,0.003,0.003,0.003,0.003,0.003,0.815,0.003,0.003,0.189,0.003,0,0.003,0.003,0.003,0.813,0,0,0.003,0.183,0.999,0.183,0.003,0,0,0,0.002,0.002,0.002,0,0.183,0,0.189,0,0.002,0.003,0,0.001,0.001,0,0.189,0.003,0.003,0.003,0.003,0.003,0.003,0.188,0.813,0,0,0.002,0.817,0.003,0.003,0.184,0.003,0,0.812,0.003,0,0.003,0.003,0.003,0.182,0.128,0.179,0.003,0.003,0.812,0.003,0,0.003,0.812,0.194
"Lactobacillus_iners",0.006,0,0,0,0,0.001,0,0.185,0.551,0.006,0.998,0,0,0,0,0,0.006,0.006,0.018,0.006,0.006,0.006,0.006,0.998,0.431,0.999,0.006,0.005,0.002,0.157,0.006,0,0.006,0.006,0.999,0.998,0.006,0.187,0.998,0.002,0,0.006,0.006,0,0,0.006,0.006,0,0.932,0,0,0.187,0,0.006,0.995,0,0.002,0.001,0.006,0.006,0.006,0,0,0.006,0.006,0,0.001,0.998,0.006,0.187,0.998,0.006,0.999,0.006,0.006,0.006,0.006,0.187,1,0.006,0.006,0.006,0.006,0.006,0.002,0.006,0.006,0.998,0.006,0,0.006,0.006,0.006,0.002,0,0,0.002,0.996,0.186,0.996,0.006,0,0,0,0.001,0.001,0.001,0,0.996,0,0.998,0,0.001,0.006,0,0,0,0,0.998,0.006,0.006,0.006,0.006,0.489,0.487,0.999,0.002,0,0,0.001,0.007,0.006,0.006,0.997,0.006,0,0.002,0.006,0,0.006,0.006,0.006,0.995,0.94,0.992,0.006,0.006,0.002,0.006,0,0.815,0.002,0.993
"Lactobacillus_jensenii",1,0,0,0,0,0.001,0,0.003,0.455,1,0.004,0,0,0,0,0,1,1,0.988,1,1,1,1,0.008,0.575,0.005,1,0.002,0.002,0.849,1,0,1,1,0.005,0.004,1,0.003,0.004,0.002,0,1,1,0,0,1,0.002,0,0.074,0,0,0.003,0,1,0.011,0,0.002,0.001,1,1,1,0,0,1,1,0,0.001,0.008,1,0.003,0.004,1,0.005,1,1,1,1,0.003,0.006,1,1,1,1,1,0.001,1,1,0.004,1,0,1,1,1,0.002,0,0,0.002,0.01,0.003,0.01,1,0,0,0,0.001,0.001,0.001,0,0.01,0,0.004,0,0.001,1,0,0,0,0,0.004,1,1,1,1,0.517,0.519,0.005,0.002,0,0,0.001,0.002,1,1,0.009,1,0,0.002,1,0,1,1,1,0.011,0.066,0.014,1,1,0.002,1,0,0.191,0.002,0.004
"Lactobacillus_rhamnosus",1,0,0,0,0,0.001,0,0.003,0.455,1,0.004,0,0,0,0,0,1,1,0.988,1,1,1,1,0.008,0.575,0.005,1,0.002,0.002,0.849,1,0,1,1,0.005,0.004,1,0.003,0.004,0.002,0,1,1,0,0,1,0.002,0,0.074,0,0,0.003,0,1,0.011,0,0.002,0.001,1,1,1,0,0,1,1,0,0.001,0.008,1,0.003,0.004,1,0.005,1,1,1,1,0.003,0.006,1,1,1,1,1,0.001,1,1,0.004,1,0,1,1,1,0.002,0,0,0.002,0.01,0.003,0.01,1,0,0,0,0.001,0.001,0.001,0,0.01,0,0.004,0,0.001,1,0,0,0,0,0.004,1,1,1,1,0.517,0.519,0.005,0.002,0,0,0.001,0.002,1,1,0.009,1,0,0.002,1,0,1,1,1,0.011,0.066,0.014,1,1,0.002,1,0,0.191,0.002,0.004
"Lactobacillus_vaginalis",1,0,0,0,0,0.001,0,0.003,0.455,1,0.004,0,0,0,0,0,1,1,0.988,1,1,1,1,0.008,0.575,0.005,1,0.002,0.002,0.849,1,0,1,1,0.005,0.004,1,0.003,0.004,0.002,0,1,1,0,0,1,0.002,0,0.074,0,0,0.003,0,1,0.011,0,0.002,0.001,1,1,1,0,0,1,1,0,0.001,0.008,1,0.003,0.004,1,0.005,1,1,1,1,0.003,0.006,1,1,1,1,1,0.001,1,1,0.004,1,0,1,1,1,0.002,0,0,0.002,0.01,0.003,0.01,1,0,0,0,0.001,0.001,0.001,0,0.01,0,0.004,0,0.001,1,0,0,0,0,0.004,1,1,1,1,0.517,0.519,0.005,0.002,0,0,0.001,0.002,1,1,0.009,1,0,0.002,1,0,1,1,1,0.011,0.066,0.014,1,1,0.002,1,0,0.191,0.002,0.004
"Malassezia_globosa",1,0,0,0,0,0.001,0,0.003,0.455,1,0.004,0,0,0,0,0,1,1,0.988,1,1,1,1,0.008,0.575,0.005,1,0.002,0.002,0.849,1,0,1,1,0.005,0.004,1,0.003,0.004,0.002,0,1,1,0,0,1,0.002,0,0.074,0,0,0.003,0,1,0.011,0,0.002,0.001,1,1,1,0,0,1,1,0,0.001,0.008,1,0.003,0.004,1,0.005,1,1,1,1,0.003,0.006,1,1,1,1,1,0.001,1,1,0.004,1,0,1,1,1,0.002,0,0,0.002,0.01,0.003,0.01,1,0,0,0,0.001,0.001,0.001,0,0.01,0,0.004,0,0.001,1,0,0,0,0,0.004,1,1,1,1,0.517,0.519,0.005,0.002,0,0,0.001,0.002,1,1,0.009,1,0,0.002,1,0,1,1,1,0.011,0.066,0.014,1,1,0.002,1,0,0.191,0.002,0.004
"Megasphaera_micronuciformis",1,0,0,0,0,0.001,0,0.003,0.455,1,0.004,0,0,0,0,0,1,1,0.988,1,1,1,1,0.008,0.575,0.005,1,0.002,0.002,0.849,1,0,1,1,0.005,0.004,1,0.003,0.004,0.002,0,1,1,0,0,1,0.002,0,0.074,0,0,0.003,0,1,0.011,0,0.002,0.001,1,1,1,0,0,1,1,0,0.001,0.008,1,0.003,0.004,1,0.005,1,1,1,1,0.003,0.006,1,1,1,1,1,0.001,1,1,0.004,1,0,1,1,1,0.002,0,0,0.002,0.01,0.003,0.01,1,0,0,0,0.001,0.001,0.001,0,0.01,0,0.004,0,0.001,1,0,0,0,0,0.004,1,1,1,1,0.517,0.519,0.005,0.002,0,0,0.001,0.002,1,1,0.009,1,0,0.002,1,0,1,1,1,0.011,0.066,0.014,1,1,0.002,1,0,0.191,0.002,0.004
"Meiothermus_silvanus",0.001,0.185,0,0,0,0.186,0,0.815,0.001,0.001,0.004,0,0,0,0,0,0.001,0.001,0.001,0.001,0.001,0.001,0.001,0.001,0.001,0.003,0.001,0.995,0.993,0.001,0.001,0,0.001,0.001,0.003,0.004,0.001,0.815,0.004,0.993,0,0.001,0.001,0,0,0.001,0.993,0,0.001,0,0,0.815,0.003,0.001,0.001,0,0.185,0.186,0.001,0.001,0.001,0,0,0.001,0.001,0,0.186,0.001,0.001,0.814,0.004,0.001,0.003,0.001,0.001,0.001,0.001,0.815,0.002,0.001,0.001,0.001,0.001,0.001,1,0.001,0.001,0.004,0.001,0,0.001,0.001,0.001,0.995,0,0,0.185,0.001,0.816,0.001,0.001,0,0,0,0.186,0.186,0.186,0,0.001,0,0.004,0,0.186,0.001,0,0.003,0.002,0,0.004,0.001,0.001,0.001,0.001,0.001,0.001,0.003,0.995,0,0,0.186,0.991,0.001,0.001,0.001,0.001,0,0.994,0.001,0,0.001,0.001,0.001,0.001,0.001,0.001,0.001,0.001,0.994,0.001,0,0.001,0.994,0.009
"Merkel_cell_polyomavirus",1,0,0,0,0,0.001,0,0.003,0.455,1,0.004,0,0,0,0,0,1,1,0.988,1,1,1,1,0.008,0.575,0.005,1,0.002,0.002,0.849,1,0,1,1,0.005,0.004,1,0.003,0.004,0.002,0,1,1,0,0,1,0.002,0,0.074,0,0,0.003,0,1,0.011,0,0.002,0.001,1,1,1,0,0,1,1,0,0.001,0.008,1,0.003,0.004,1,0.005,1,1,1,1,0.003,0.006,1,1,1,1,1,0.001,1,1,0.004,1,0,1,1,1,0.002,0,0,0.002,0.01,0.003,0.01,1,0,0,0,0.001,0.001,0.001,0,0.01,0,0.004,0,0.001,1,0,0,0,0,0.004,1,1,1,1,0.517,0.519,0.005,0.002,0,0,0.001,0.002,1,1,0.009,1,0,0.002,1,0,1,1,1,0.011,0.066,0.014,1,1,0.002,1,0,0.191,0.002,0.004
"Methanobrevibacter_smithii",1,0,0,0,0,0.001,0,0.003,0.455,1,0.004,0,0,0,0,0,1,1,0.988,1,1,1,1,0.008,0.575,0.005,1,0.002,0.002,0.849,1,0,1,1,0.005,0.004,1,0.003,0.004,0.002,0,1,1,0,0,1,0.002,0,0.074,0,0,0.003,0,1,0.011,0,0.002,0.001,1,1,1,0,0,1,1,0,0.001,0.008,1,0.003,0.004,1,0.005,1,1,1,1,0.003,0.006,1,1,1,1,1,0.001,1,1,0.004,1,0,1,1,1,0.002,0,0,0.002,0.01,0.003,0.01,1,0,0,0,0.001,0.001,0.001,0,0.01,0,0.004,0,0.001,1,0,0,0,0,0.004,1,1,1,1,0.517,0.519,0.005,0.002,0,0,0.001,0.002,1,1,0.009,1,0,0.002,1,0,1,1,1,0.011,0.066,0.014,1,1,0.002,1,0,0.191,0.002,0.004
"Methylobacterium_populi",0.004,0,0,0,0,0.001,0,0.187,0.549,0.004,1,0,0,0,0,0,0.004,0.004,0.016,0.004,0.004,0.004,0.004,0.996,0.429,0.999,0.004,0.006,0.002,0.155,0.004,0,0.004,0.004,0.999,1,0.004,0.189,1,0.002,0,0.004,0.004,0,0,0.004,0.006,0,0.93,0,0,0.189,0,0.004,0.993,0,0.002,0.001,0.004,0.004,0.004,0,0,0.004,0.004,0,0.001,0.996,0.004,0.188,1,0.004,0.999,0.004,0.004,0.004,0.004,0.189,0.998,0.004,0.004,0.004,0.004,0.004,0.004,0.004,0.004,1,0.004,0,0.004,0.004,0.004,0.002,0,0,0.002,0.994,0.188,0.994,0.004,0,0,0,0.001,0.001,0.001,0,0.994,0,1,0,0.001,0.004,0,0,0,0,1,0.004,0.004,0.004,0.004,0.487,0.485,0.999,0.002,0,0,0.001,0.007,0.004,0.004,0.995,0.004,0,0.002,0.004,0,0.004,0.004,0.004,0.993,0.938,0.99,0.004,0.004,0.002,0.004,0,0.813,0.002,0.995
"Micrococcus_luteus",1,0,0,0,0,0.001,0,0.003,0.455,1,0.004,0,0,0,0,0,1,1,0.988,1,1,1,1,0.008,0.575,0.005,1,0.002,0.002,0.849,1,0,1,1,0.005,0.004,1,0.003,0.004,0.002,0,1,1,0,0,1,0.002,0,0.074,0,0,0.003,0,1,0.011,0,0.002,0.001,1,1,1,0,0,1,1,0,0.001,0.008,1,0.003,0.004,1,0.005,1,1,1,1,0.003,0.006,1,1,1,1,1,0.001,1,1,0.004,1,0,1,1,1,0.002,0,0,0.002,0.01,0.003,0.01,1,0,0,0,0.001,0.001,0.001,0,0.01,0,0.004,0,0.001,1,0,0,0,0,0.004,1,1,1,1,0.517,0.519,0.005,0.002,0,0,0.001,0.002,1,1,0.009,1,0,0.002,1,0,1,1,1,0.011,0.066,0.014,1,1,0.002,1,0,0.191,0.002,0.004
"Mobiluncus_curtisii",0,0.001,0.072,0.072,0.003,0,0.946,0,0,0,0,0.005,0.072,0.002,0.002,0.002,0,0,0,0,0,0,0,0,0,0,0,0,0,0,0,0.063,0,0,0,0,0,0,0,0,0.936,0,0,0.004,0.105,0,0,0.005,0,0.506,0.072,0,0.93,0,0,0.936,0,0,0,0,0,0.002,0.072,0,0,0.001,0,0,0,0,0,0,0,0,0,0,0,0,0,0,0,0,0,0,0,0,0,0,0,1,0,0,0,0,0.001,0.072,0,0,0,0,0,0.998,0.072,0.936,0,0,0,0.057,0,0.072,0,0.072,0,0,0.071,0.93,0.933,0.936,0,0,0,0,0,0,0,0,0,0.005,0.936,0,0,0,0,0,0,0.072,0,0,0.936,0,0,0,0,0,0,0,0,0,0,0.001,0,0,0
"Mobiluncus_unclassified",1,0,0,0,0,0.001,0,0.003,0.455,1,0.004,0,0,0,0,0,1,1,0.988,1,1,1,1,0.008,0.575,0.005,1,0.002,0.002,0.849,1,0,1,1,0.005,0.004,1,0.003,0.004,0.002,0,1,1,0,0,1,0.002,0,0.074,0,0,0.003,0,1,0.011,0,0.002,0.001,1,1,1,0,0,1,1,0,0.001,0.008,1,0.003,0.004,1,0.005,1,1,1,1,0.003,0.006,1,1,1,1,1,0.001,1,1,0.004,1,0,1,1,1,0.002,0,0,0.002,0.01,0.003,0.01,1,0,0,0,0.001,0.001,0.001,0,0.01,0,0.004,0,0.001,1,0,0,0,0,0.004,1,1,1,1,0.517,0.519,0.005,0.002,0,0,0.001,0.002,1,1,0.009,1,0,0.002,1,0,1,1,1,0.011,0.066,0.014,1,1,0.002,1,0,0.191,0.002,0.004
"Pantoea_unclassified",1,0,0,0,0,0.001,0,0.003,0.455,1,0.004,0,0,0,0,0,1,1,0.988,1,1,1,1,0.008,0.575,0.005,1,0.002,0.002,0.849,1,0,1,1,0.005,0.004,1,0.003,0.004,0.002,0,1,1,0,0,1,0.002,0,0.074,0,0,0.003,0,1,0.011,0,0.002,0.001,1,1,1,0,0,1,1,0,0.001,0.008,1,0.003,0.004,1,0.005,1,1,1,1,0.003,0.006,1,1,1,1,1,0.001,1,1,0.004,1,0,1,1,1,0.002,0,0,0.002,0.01,0.003,0.01,1,0,0,0,0.001,0.001,0.001,0,0.01,0,0.004,0,0.001,1,0,0,0,0,0.004,1,1,1,1,0.517,0.519,0.005,0.002,0,0,0.001,0.002,1,1,0.009,1,0,0.002,1,0,1,1,1,0.011,0.066,0.014,1,1,0.002,1,0,0.191,0.002,0.004
"Parvimonas_unclassified",1,0,0,0,0,0.001,0,0.003,0.455,1,0.004,0,0,0,0,0,1,1,0.988,1,1,1,1,0.008,0.575,0.005,1,0.002,0.002,0.849,1,0,1,1,0.005,0.004,1,0.003,0.004,0.002,0,1,1,0,0,1,0.002,0,0.074,0,0,0.003,0,1,0.011,0,0.002,0.001,1,1,1,0,0,1,1,0,0.001,0.008,1,0.003,0.004,1,0.005,1,1,1,1,0.003,0.006,1,1,1,1,1,0.001,1,1,0.004,1,0,1,1,1,0.002,0,0,0.002,0.01,0.003,0.01,1,0,0,0,0.001,0.001,0.001,0,0.01,0,0.004,0,0.001,1,0,0,0,0,0.004,1,1,1,1,0.517,0.519,0.005,0.002,0,0,0.001,0.002,1,1,0.009,1,0,0.002,1,0,1,1,1,0.011,0.066,0.014,1,1,0.002,1,0,0.191,0.002,0.004
"Peptoniphilus_duerdenii",0.002,0.188,0,0,0,0.189,0,0.812,0.002,0.002,0.002,0,0,0,0,0,0.002,0.002,0.002,0.002,0.002,0.002,0.002,0.002,0.002,0.002,0.002,0.996,0.998,0.002,0.002,0,0.002,0.002,0.002,0.002,0.002,0.813,0.002,0.998,0,0.002,0.002,0,0,0.002,0.996,0,0.002,0,0,0.813,0.006,0.002,0.002,0,0.19,0.189,0.002,0.002,0.002,0,0,0.002,0.002,0,0.189,0.002,0.002,0.814,0.002,0.002,0.002,0.002,0.002,0.002,0.002,0.813,0.002,0.002,0.002,0.002,0.002,0.002,0.995,0.002,0.002,0.002,0.002,0,0.002,0.002,0.002,1,0,0,0.19,0.002,0.813,0.002,0.002,0,0,0,0.189,0.189,0.189,0,0.002,0,0.002,0,0.189,0.002,0,0.006,0.002,0,0.002,0.002,0.002,0.002,0.002,0.002,0.002,0.002,1,0,0,0.189,0.994,0.002,0.002,0.002,0.002,0,0.999,0.002,0,0.002,0.002,0.002,0.002,0.002,0.002,0.002,0.002,0.999,0.002,0,0.002,0.999,0.007
"Peptoniphilus_harei",0,0.001,0.001,0.001,0.106,0,0.001,0,0,0,0,0.076,0.001,0.999,0.999,0.999,0,0,0,0,0,0,0,0,0,0,0,0,0,0,0,0.01,0,0,0,0,0,0,0,0,0.001,0,0,0.078,0.001,0,0,0.076,0,0.001,0.001,0,0.001,0,0,0.001,0,0,0,0,0,0.999,0.001,0,0,1,0,0,0,0,0,0,0,0,0,0,0,0,0,0,0,0,0,0,0,0,0,0,0,0.001,0,0,0,0,1,0.001,0,0,0,0,0,0.001,0.001,0.001,0,0,0,0.016,0,0.001,0,0.001,0,0,0.002,0.001,0.001,0.001,0,0,0,0,0,0,0,0,0,0.075,0.001,0,0,0,0,0,0,0.001,0,0,0.001,0,0,0,0,0,0,0,0,0,0,1,0,0,0
"Peptoniphilus_lacrimalis",0,0.001,1,1,0.895,0,0.018,0,0,0,0,0.925,1,0.002,0.002,0.002,0,0,0,0,0,0,0,0,0,0,0,0,0,0,0,0.991,0,0,0,0,0,0,0,0,0.008,0,0,0.923,0.967,0,0,0.925,0,0.566,1,0,0.002,0,0,0.008,0,0,0,0,0,0.002,1,0,0,0.001,0,0,0,0,0,0,0,0,0,0,0,0,0,0,0,0,0,0,0,0,0,0,0,0.072,0,0,0,0,0.001,1,0,0,0,0,0,0.074,1,0.008,0,0,0,0.985,0,1,0,1,0,0,0.999,0.002,0.005,0.008,0,0,0,0,0,0,0,0,0,0.926,0.008,0,0,0,0,0,0,1,0,0,0.008,0,0,0,0,0,0,0,0,0,0,0.001,0,0,0
"Peptoniphilus_rhinitidis",0.002,0.998,0,0,0,0.999,0,0.002,0.002,0.002,0.002,0,0,0,0,0,0.002,0.002,0.002,0.002,0.002,0.002,0.002,0.002,0.002,0.002,0.002,0.186,0.192,0.002,0.002,0,0.002,0.002,0.002,0.002,0.002,0.003,0.002,0.192,0,0.002,0.002,0,0,0.002,0.186,0,0.002,0,0,0.003,0.006,0.002,0.002,0,1,0.999,0.002,0.002,0.002,0,0,0.002,0.002,0,0.999,0.002,0.002,0.004,0.002,0.002,0.002,0.002,0.002,0.002,0.002,0.003,0.002,0.002,0.002,0.002,0.002,0.002,0.185,0.002,0.002,0.002,0.002,0,0.002,0.002,0.002,0.19,0,0,1,0.002,0.003,0.002,0.002,0,0,0,0.999,0.999,0.999,0,0.002,0,0.002,0,0.999,0.002,0,0.006,0.002,0,0.002,0.002,0.002,0.002,0.002,0.002,0.002,0.002,0.19,0,0,0.999,0.186,0.002,0.002,0.002,0.002,0,0.191,0.002,0,0.002,0.002,0.002,0.002,0.002,0.002,0.002,0.002,0.191,0.002,0,0.002,0.191,0.002
"Peptoniphilus_sp_BV3AC2",0.01,0,0,0,0,0.001,0,0.181,0.555,0.01,0.994,0,0,0,0,0,0.01,0.01,0.022,0.01,0.01,0.01,0.01,0.998,0.435,0.995,0.01,0.002,0.002,0.161,0.01,0,0.01,0.01,0.995,0.994,0.01,0.183,0.994,0.002,0,0.01,0.01,0,0,0.01,0.002,0,0.936,0,0,0.183,0,0.01,0.999,0,0.002,0.001,0.01,0.01,0.01,0,0,0.01,0.01,0,0.001,0.998,0.01,0.183,0.994,0.01,0.995,0.01,0.01,0.01,0.01,0.183,0.996,0.01,0.01,0.01,0.01,0.01,0.001,0.01,0.01,0.994,0.01,0,0.01,0.01,0.01,0.002,0,0,0.002,1,0.182,1,0.01,0,0,0,0.001,0.001,0.001,0,1,0,0.994,0,0.001,0.01,0,0,0,0,0.994,0.01,0.01,0.01,0.01,0.493,0.491,0.995,0.002,0,0,0.001,0.003,0.01,0.01,0.999,0.01,0,0.002,0.01,0,0.01,0.01,0.01,0.999,0.944,0.996,0.01,0.01,0.002,0.01,0,0.819,0.002,0.989
"Peptoniphilus_sp_oral_taxon_375",0.003,0.001,0,0,0,0.002,0,0.998,0.003,0.003,0.188,0,0,0,0,0,0.003,0.003,0.003,0.003,0.003,0.003,0.003,0.184,0.003,0.187,0.003,0.817,0.811,0.003,0.003,0,0.003,0.003,0.187,0.188,0.003,0.999,0.188,0.811,0,0.003,0.003,0,0,0.003,0.817,0,0.118,0,0,0.999,0.001,0.003,0.181,0,0.003,0.002,0.003,0.003,0.003,0,0,0.003,0.003,0,0.002,0.184,0.003,0.998,0.188,0.003,0.187,0.003,0.003,0.003,0.003,0.999,0.186,0.003,0.003,0.003,0.003,0.003,0.816,0.003,0.003,0.188,0.003,0,0.003,0.003,0.003,0.813,0,0,0.003,0.182,1,0.182,0.003,0,0,0,0.002,0.002,0.002,0,0.182,0,0.188,0,0.002,0.003,0,0.001,0.001,0,0.188,0.003,0.003,0.003,0.003,0.003,0.003,0.187,0.813,0,0,0.002,0.817,0.003,0.003,0.183,0.003,0,0.812,0.003,0,0.003,0.003,0.003,0.181,0.128,0.178,0.003,0.003,0.812,0.003,0,0.003,0.812,0.193
"Peptoniphilus_timonensis",0.01,0,0,0,0,0.001,0,0.181,0.555,0.01,0.994,0,0,0,0,0,0.01,0.01,0.022,0.01,0.01,0.01,0.01,0.998,0.435,0.995,0.01,0.002,0.002,0.161,0.01,0,0.01,0.01,0.995,0.994,0.01,0.183,0.994,0.002,0,0.01,0.01,0,0,0.01,0.002,0,0.936,0,0,0.183,0,0.01,0.999,0,0.002,0.001,0.01,0.01,0.01,0,0,0.01,0.01,0,0.001,0.998,0.01,0.183,0.994,0.01,0.995,0.01,0.01,0.01,0.01,0.183,0.996,0.01,0.01,0.01,0.01,0.01,0.001,0.01,0.01,0.994,0.01,0,0.01,0.01,0.01,0.002,0,0,0.002,1,0.182,1,0.01,0,0,0,0.001,0.001,0.001,0,1,0,0.994,0,0.001,0.01,0,0,0,0,0.994,0.01,0.01,0.01,0.01,0.493,0.491,0.995,0.002,0,0,0.001,0.003,0.01,0.01,0.999,0.01,0,0.002,0.01,0,0.01,0.01,0.01,0.999,0.944,0.996,0.01,0.01,0.002,0.01,0,0.819,0.002,0.989
"Peptostreptococcus_anaerobius",1,0,0,0,0,0.001,0,0.003,0.455,1,0.004,0,0,0,0,0,1,1,0.988,1,1,1,1,0.008,0.575,0.005,1,0.002,0.002,0.849,1,0,1,1,0.005,0.004,1,0.003,0.004,0.002,0,1,1,0,0,1,0.002,0,0.074,0,0,0.003,0,1,0.011,0,0.002,0.001,1,1,1,0,0,1,1,0,0.001,0.008,1,0.003,0.004,1,0.005,1,1,1,1,0.003,0.006,1,1,1,1,1,0.001,1,1,0.004,1,0,1,1,1,0.002,0,0,0.002,0.01,0.003,0.01,1,0,0,0,0.001,0.001,0.001,0,0.01,0,0.004,0,0.001,1,0,0,0,0,0.004,1,1,1,1,0.517,0.519,0.005,0.002,0,0,0.001,0.002,1,1,0.009,1,0,0.002,1,0,1,1,1,0.011,0.066,0.014,1,1,0.002,1,0,0.191,0.002,0.004
"Porphyromonas_asaccharolytica",0,0.001,0.074,0.074,0.003,0,0.944,0,0,0,0,0.005,0.074,0.002,0.002,0.002,0,0,0,0,0,0,0,0,0,0,0,0,0,0,0,0.065,0,0,0,0,0,0,0,0,0.934,0,0,0.004,0.107,0,0,0.005,0,0.508,0.074,0,0.928,0,0,0.934,0,0,0,0,0,0.002,0.074,0,0,0.001,0,0,0,0,0,0,0,0,0,0,0,0,0,0,0,0,0,0,0,0,0,0,0,0.998,0,0,0,0,0.001,0.074,0,0,0,0,0,1,0.074,0.934,0,0,0,0.059,0,0.074,0,0.074,0,0,0.073,0.928,0.931,0.934,0,0,0,0,0,0,0,0,0,0.005,0.934,0,0,0,0,0,0,0.074,0,0,0.934,0,0,0,0,0,0,0,0,0,0,0.001,0,0,0
"Porphyromonas_bennonis",0,0.001,1,1,0.895,0,0.018,0,0,0,0,0.925,1,0.002,0.002,0.002,0,0,0,0,0,0,0,0,0,0,0,0,0,0,0,0.991,0,0,0,0,0,0,0,0,0.008,0,0,0.923,0.967,0,0,0.925,0,0.566,1,0,0.002,0,0,0.008,0,0,0,0,0,0.002,1,0,0,0.001,0,0,0,0,0,0,0,0,0,0,0,0,0,0,0,0,0,0,0,0,0,0,0,0.072,0,0,0,0,0.001,1,0,0,0,0,0,0.074,1,0.008,0,0,0,0.985,0,1,0,1,0,0,0.999,0.002,0.005,0.008,0,0,0,0,0,0,0,0,0,0.926,0.008,0,0,0,0,0,0,1,0,0,0.008,0,0,0,0,0,0,0,0,0,0,0.001,0,0,0
"Porphyromonas_somerae",0,0.001,0.008,0.008,0.003,0,0.99,0,0,0,0,0.005,0.008,0.002,0.002,0.002,0,0,0,0,0,0,0,0,0,0,0,0,0,0,0,0.007,0,0,0,0,0,0,0,0,1,0,0,0.004,0.041,0,0,0.005,0,0.442,0.008,0,0.994,0,0,1,0,0,0,0,0,0.002,0.008,0,0,0.001,0,0,0,0,0,0,0,0,0,0,0,0,0,0,0,0,0,0,0,0,0,0,0,0.936,0,0,0,0,0.001,0.008,0,0,0,0,0,0.934,0.008,1,0,0,0,0.006,0,0.008,0,0.008,0,0,0.008,0.994,0.997,1,0,0,0,0,0,0,0,0,0,0.005,1,0,0,0,0,0,0,0.008,0,0,1,0,0,0,0,0,0,0,0,0,0,0.001,0,0,0
"Porphyromonas_uenonis",0.001,0.999,0,0,0,1,0,0.001,0.001,0.001,0.001,0,0,0,0,0,0.001,0.001,0.001,0.001,0.001,0.001,0.001,0.001,0.001,0.001,0.001,0.185,0.191,0.001,0.001,0,0.001,0.001,0.001,0.001,0.001,0.002,0.001,0.191,0,0.001,0.001,0,0,0.001,0.185,0,0.001,0,0,0.002,0.006,0.001,0.001,0,0.999,1,0.001,0.001,0.001,0,0,0.001,0.001,0,1,0.001,0.001,0.003,0.001,0.001,0.001,0.001,0.001,0.001,0.001,0.002,0.001,0.001,0.001,0.001,0.001,0.001,0.186,0.001,0.001,0.001,0.001,0,0.001,0.001,0.001,0.189,0,0,0.999,0.001,0.002,0.001,0.001,0,0,0,1,1,1,0,0.001,0,0.001,0,1,0.001,0,0.006,0.002,0,0.001,0.001,0.001,0.001,0.001,0.001,0.001,0.001,0.189,0,0,1,0.185,0.001,0.001,0.001,0.001,0,0.19,0.001,0,0.001,0.001,0.001,0.001,0.001,0.001,0.001,0.001,0.19,0.001,0,0.001,0.19,0.001
"Prevotella_bergensis",0.001,0.999,0,0,0,1,0,0.001,0.001,0.001,0.001,0,0,0,0,0,0.001,0.001,0.001,0.001,0.001,0.001,0.001,0.001,0.001,0.001,0.001,0.185,0.191,0.001,0.001,0,0.001,0.001,0.001,0.001,0.001,0.002,0.001,0.191,0,0.001,0.001,0,0,0.001,0.185,0,0.001,0,0,0.002,0.006,0.001,0.001,0,0.999,1,0.001,0.001,0.001,0,0,0.001,0.001,0,1,0.001,0.001,0.003,0.001,0.001,0.001,0.001,0.001,0.001,0.001,0.002,0.001,0.001,0.001,0.001,0.001,0.001,0.186,0.001,0.001,0.001,0.001,0,0.001,0.001,0.001,0.189,0,0,0.999,0.001,0.002,0.001,0.001,0,0,0,1,1,1,0,0.001,0,0.001,0,1,0.001,0,0.006,0.002,0,0.001,0.001,0.001,0.001,0.001,0.001,0.001,0.001,0.189,0,0,1,0.185,0.001,0.001,0.001,0.001,0,0.19,0.001,0,0.001,0.001,0.001,0.001,0.001,0.001,0.001,0.001,0.19,0.001,0,0.001,0.19,0.001
"Prevotella_bivia",0.001,0.999,0,0,0,1,0,0.001,0.001,0.001,0.001,0,0,0,0,0,0.001,0.001,0.001,0.001,0.001,0.001,0.001,0.001,0.001,0.001,0.001,0.185,0.191,0.001,0.001,0,0.001,0.001,0.001,0.001,0.001,0.002,0.001,0.191,0,0.001,0.001,0,0,0.001,0.185,0,0.001,0,0,0.002,0.006,0.001,0.001,0,0.999,1,0.001,0.001,0.001,0,0,0.001,0.001,0,1,0.001,0.001,0.003,0.001,0.001,0.001,0.001,0.001,0.001,0.001,0.002,0.001,0.001,0.001,0.001,0.001,0.001,0.186,0.001,0.001,0.001,0.001,0,0.001,0.001,0.001,0.189,0,0,0.999,0.001,0.002,0.001,0.001,0,0,0,1,1,1,0,0.001,0,0.001,0,1,0.001,0,0.006,0.002,0,0.001,0.001,0.001,0.001,0.001,0.001,0.001,0.001,0.189,0,0,1,0.185,0.001,0.001,0.001,0.001,0,0.19,0.001,0,0.001,0.001,0.001,0.001,0.001,0.001,0.001,0.001,0.19,0.001,0,0.001,0.19,0.001
"Prevotella_buccalis",0,0.001,0.985,0.985,0.91,0,0.006,0,0,0,0,0.94,0.985,0.017,0.017,0.017,0,0,0,0,0,0,0,0,0,0,0,0,0,0,0,0.994,0,0,0,0,0,0,0,0,0.006,0,0,0.938,0.952,0,0,0.94,0,0.551,0.985,0,0.002,0,0,0.006,0,0,0,0,0,0.017,0.985,0,0,0.016,0,0,0,0,0,0,0,0,0,0,0,0,0,0,0,0,0,0,0,0,0,0,0,0.057,0,0,0,0,0.016,0.985,0,0,0,0,0,0.059,0.985,0.006,0,0,0,1,0,0.985,0,0.985,0,0,0.986,0.002,0.004,0.006,0,0,0,0,0,0,0,0,0,0.941,0.006,0,0,0,0,0,0,0.985,0,0,0.006,0,0,0,0,0,0,0,0,0,0,0.016,0,0,0
"Prevotella_disiens",0.01,0,0,0,0,0.001,0,0.181,0.555,0.01,0.994,0,0,0,0,0,0.01,0.01,0.022,0.01,0.01,0.01,0.01,0.998,0.435,0.995,0.01,0.002,0.002,0.161,0.01,0,0.01,0.01,0.995,0.994,0.01,0.183,0.994,0.002,0,0.01,0.01,0,0,0.01,0.002,0,0.936,0,0,0.183,0,0.01,0.999,0,0.002,0.001,0.01,0.01,0.01,0,0,0.01,0.01,0,0.001,0.998,0.01,0.183,0.994,0.01,0.995,0.01,0.01,0.01,0.01,0.183,0.996,0.01,0.01,0.01,0.01,0.01,0.001,0.01,0.01,0.994,0.01,0,0.01,0.01,0.01,0.002,0,0,0.002,1,0.182,1,0.01,0,0,0,0.001,0.001,0.001,0,1,0,0.994,0,0.001,0.01,0,0,0,0,0.994,0.01,0.01,0.01,0.01,0.493,0.491,0.995,0.002,0,0,0.001,0.003,0.01,0.01,0.999,0.01,0,0.002,0.01,0,0.01,0.01,0.01,0.999,0.944,0.996,0.01,0.01,0.002,0.01,0,0.819,0.002,0.989
"Prevotella_timonensis",0,0.001,1,1,0.895,0,0.018,0,0,0,0,0.925,1,0.002,0.002,0.002,0,0,0,0,0,0,0,0,0,0,0,0,0,0,0,0.991,0,0,0,0,0,0,0,0,0.008,0,0,0.923,0.967,0,0,0.925,0,0.566,1,0,0.002,0,0,0.008,0,0,0,0,0,0.002,1,0,0,0.001,0,0,0,0,0,0,0,0,0,0,0,0,0,0,0,0,0,0,0,0,0,0,0,0.072,0,0,0,0,0.001,1,0,0,0,0,0,0.074,1,0.008,0,0,0,0.985,0,1,0,1,0,0,0.999,0.002,0.005,0.008,0,0,0,0,0,0,0,0,0,0.926,0.008,0,0,0,0,0,0,1,0,0,0.008,0,0,0,0,0,0,0,0,0,0,0.001,0,0,0
"Propionibacteriaceae_unclassified",0.004,0,0,0,0,0.001,0,0.187,0.549,0.004,1,0,0,0,0,0,0.004,0.004,0.016,0.004,0.004,0.004,0.004,0.996,0.429,0.999,0.004,0.006,0.002,0.155,0.004,0,0.004,0.004,0.999,1,0.004,0.189,1,0.002,0,0.004,0.004,0,0,0.004,0.006,0,0.93,0,0,0.189,0,0.004,0.993,0,0.002,0.001,0.004,0.004,0.004,0,0,0.004,0.004,0,0.001,0.996,0.004,0.188,1,0.004,0.999,0.004,0.004,0.004,0.004,0.189,0.998,0.004,0.004,0.004,0.004,0.004,0.004,0.004,0.004,1,0.004,0,0.004,0.004,0.004,0.002,0,0,0.002,0.994,0.188,0.994,0.004,0,0,0,0.001,0.001,0.001,0,0.994,0,1,0,0.001,0.004,0,0,0,0,1,0.004,0.004,0.004,0.004,0.487,0.485,0.999,0.002,0,0,0.001,0.007,0.004,0.004,0.995,0.004,0,0.002,0.004,0,0.004,0.004,0.004,0.993,0.938,0.99,0.004,0.004,0.002,0.004,0,0.813,0.002,0.995
"Propionibacterium_acnes",0,0.001,1,1,0.895,0,0.018,0,0,0,0,0.925,1,0.002,0.002,0.002,0,0,0,0,0,0,0,0,0,0,0,0,0,0,0,0.991,0,0,0,0,0,0,0,0,0.008,0,0,0.923,0.967,0,0,0.925,0,0.566,1,0,0.002,0,0,0.008,0,0,0,0,0,0.002,1,0,0,0.001,0,0,0,0,0,0,0,0,0,0,0,0,0,0,0,0,0,0,0,0,0,0,0,0.072,0,0,0,0,0.001,1,0,0,0,0,0,0.074,1,0.008,0,0,0,0.985,0,1,0,1,0,0,0.999,0.002,0.005,0.008,0,0,0,0,0,0,0,0,0,0.926,0.008,0,0,0,0,0,0,1,0,0,0.008,0,0,0,0,0,0,0,0,0,0,0.001,0,0,0
"Propionibacterium_avidum",0.001,0.999,0,0,0,1,0,0.001,0.001,0.001,0.001,0,0,0,0,0,0.001,0.001,0.001,0.001,0.001,0.001,0.001,0.001,0.001,0.001,0.001,0.185,0.191,0.001,0.001,0,0.001,0.001,0.001,0.001,0.001,0.002,0.001,0.191,0,0.001,0.001,0,0,0.001,0.185,0,0.001,0,0,0.002,0.006,0.001,0.001,0,0.999,1,0.001,0.001,0.001,0,0,0.001,0.001,0,1,0.001,0.001,0.003,0.001,0.001,0.001,0.001,0.001,0.001,0.001,0.002,0.001,0.001,0.001,0.001,0.001,0.001,0.186,0.001,0.001,0.001,0.001,0,0.001,0.001,0.001,0.189,0,0,0.999,0.001,0.002,0.001,0.001,0,0,0,1,1,1,0,0.001,0,0.001,0,1,0.001,0,0.006,0.002,0,0.001,0.001,0.001,0.001,0.001,0.001,0.001,0.001,0.189,0,0,1,0.185,0.001,0.001,0.001,0.001,0,0.19,0.001,0,0.001,0.001,0.001,0.001,0.001,0.001,0.001,0.001,0.19,0.001,0,0.001,0.19,0.001
"Propionibacterium_granulosum",1,0,0,0,0,0.001,0,0.003,0.455,1,0.004,0,0,0,0,0,1,1,0.988,1,1,1,1,0.008,0.575,0.005,1,0.002,0.002,0.849,1,0,1,1,0.005,0.004,1,0.003,0.004,0.002,0,1,1,0,0,1,0.002,0,0.074,0,0,0.003,0,1,0.011,0,0.002,0.001,1,1,1,0,0,1,1,0,0.001,0.008,1,0.003,0.004,1,0.005,1,1,1,1,0.003,0.006,1,1,1,1,1,0.001,1,1,0.004,1,0,1,1,1,0.002,0,0,0.002,0.01,0.003,0.01,1,0,0,0,0.001,0.001,0.001,0,0.01,0,0.004,0,0.001,1,0,0,0,0,0.004,1,1,1,1,0.517,0.519,0.005,0.002,0,0,0.001,0.002,1,1,0.009,1,0,0.002,1,0,1,1,1,0.011,0.066,0.014,1,1,0.002,1,0,0.191,0.002,0.004
"Propionimicrobium_lymphophilum",0,0.001,0.999,0.999,0.896,0,0.017,0,0,0,0,0.926,0.999,0.003,0.003,0.003,0,0,0,0,0,0,0,0,0,0,0,0,0,0,0,0.992,0,0,0,0,0,0,0,0,0.008,0,0,0.924,0.966,0,0,0.926,0,0.565,0.999,0,0.002,0,0,0.008,0,0,0,0,0,0.003,0.999,0,0,0.002,0,0,0,0,0,0,0,0,0,0,0,0,0,0,0,0,0,0,0,0,0,0,0,0.071,0,0,0,0,0.002,0.999,0,0,0,0,0,0.073,0.999,0.008,0,0,0,0.986,0,0.999,0,0.999,0,0,1,0.002,0.005,0.008,0,0,0,0,0,0,0,0,0,0.927,0.008,0,0,0,0,0,0,0.999,0,0,0.008,0,0,0,0,0,0,0,0,0,0,0.002,0,0,0
"Pseudomonas_unclassified",0,0.007,0.002,0.002,0.002,0.006,0.984,0,0,0,0,0.002,0.002,0.002,0.002,0.002,0,0,0,0,0,0,0,0,0,0,0,0.003,0.006,0,0,0.002,0,0,0,0,0,0.001,0,0.006,0.994,0,0,0.002,0.035,0,0.004,0.002,0,0.436,0.002,0.001,1,0,0,0.994,0.006,0.006,0,0,0,0.002,0.002,0,0,0.001,0.006,0,0,0.002,0,0,0,0,0,0,0,0.001,0,0,0,0,0,0,0.003,0,0,0,0,0.93,0,0,0,0.006,0.001,0.002,0.006,0,0.001,0,0,0.928,0.002,0.994,0.006,0.006,0.006,0.002,0,0.002,0,0.002,0.006,0,0.002,1,0.996,0.994,0,0,0,0,0,0,0,0,0.006,0.002,0.994,0.006,0.004,0,0,0,0,0.002,0.006,0,0.994,0,0,0,0,0,0,0,0,0.006,0,0.001,0,0.006,0
"Ralstonia_pickettii",0,0.003,0.005,0.005,0.002,0.002,0.987,0,0,0,0,0.003,0.005,0.002,0.002,0.002,0,0,0,0,0,0,0,0,0,0,0,0.002,0.002,0,0,0.005,0,0,0,0,0,0.001,0,0.002,0.997,0,0,0.002,0.038,0,0.002,0.003,0,0.439,0.005,0.001,0.996,0,0,0.997,0.002,0.002,0,0,0,0.002,0.005,0,0,0.001,0.002,0,0,0.001,0,0,0,0,0,0,0,0.001,0,0,0,0,0,0,0.002,0,0,0,0,0.933,0,0,0,0.002,0.001,0.005,0.002,0,0.001,0,0,0.931,0.005,0.997,0.002,0.002,0.002,0.004,0,0.005,0,0.005,0.002,0,0.005,0.996,1,0.997,0,0,0,0,0,0,0,0,0.002,0.003,0.997,0.002,0.002,0,0,0,0,0.005,0.002,0,0.997,0,0,0,0,0,0,0,0,0.002,0,0.001,0,0.002,0
"Ralstonia_unclassified",0,0.001,0.008,0.008,0.003,0,0.99,0,0,0,0,0.005,0.008,0.002,0.002,0.002,0,0,0,0,0,0,0,0,0,0,0,0,0,0,0,0.007,0,0,0,0,0,0,0,0,1,0,0,0.004,0.041,0,0,0.005,0,0.442,0.008,0,0.994,0,0,1,0,0,0,0,0,0.002,0.008,0,0,0.001,0,0,0,0,0,0,0,0,0,0,0,0,0,0,0,0,0,0,0,0,0,0,0,0.936,0,0,0,0,0.001,0.008,0,0,0,0,0,0.934,0.008,1,0,0,0,0.006,0,0.008,0,0.008,0,0,0.008,0.994,0.997,1,0,0,0,0,0,0,0,0,0,0.005,1,0,0,0,0,0,0,0.008,0,0,1,0,0,0,0,0,0,0,0,0,0,0.001,0,0,0
"Rhodopseudomonas_palustris",0.004,0,0,0,0,0.001,0,0.187,0.549,0.004,1,0,0,0,0,0,0.004,0.004,0.016,0.004,0.004,0.004,0.004,0.996,0.429,0.999,0.004,0.006,0.002,0.155,0.004,0,0.004,0.004,0.999,1,0.004,0.189,1,0.002,0,0.004,0.004,0,0,0.004,0.006,0,0.93,0,0,0.189,0,0.004,0.993,0,0.002,0.001,0.004,0.004,0.004,0,0,0.004,0.004,0,0.001,0.996,0.004,0.188,1,0.004,0.999,0.004,0.004,0.004,0.004,0.189,0.998,0.004,0.004,0.004,0.004,0.004,0.004,0.004,0.004,1,0.004,0,0.004,0.004,0.004,0.002,0,0,0.002,0.994,0.188,0.994,0.004,0,0,0,0.001,0.001,0.001,0,0.994,0,1,0,0.001,0.004,0,0,0,0,1,0.004,0.004,0.004,0.004,0.487,0.485,0.999,0.002,0,0,0.001,0.007,0.004,0.004,0.995,0.004,0,0.002,0.004,0,0.004,0.004,0.004,0.993,0.938,0.99,0.004,0.004,0.002,0.004,0,0.813,0.002,0.995
"Riemerella_unclassified",1,0,0,0,0,0.001,0,0.003,0.455,1,0.004,0,0,0,0,0,1,1,0.988,1,1,1,1,0.008,0.575,0.005,1,0.002,0.002,0.849,1,0,1,1,0.005,0.004,1,0.003,0.004,0.002,0,1,1,0,0,1,0.002,0,0.074,0,0,0.003,0,1,0.011,0,0.002,0.001,1,1,1,0,0,1,1,0,0.001,0.008,1,0.003,0.004,1,0.005,1,1,1,1,0.003,0.006,1,1,1,1,1,0.001,1,1,0.004,1,0,1,1,1,0.002,0,0,0.002,0.01,0.003,0.01,1,0,0,0,0.001,0.001,0.001,0,0.01,0,0.004,0,0.001,1,0,0,0,0,0.004,1,1,1,1,0.517,0.519,0.005,0.002,0,0,0.001,0.002,1,1,0.009,1,0,0.002,1,0,1,1,1,0.011,0.066,0.014,1,1,0.002,1,0,0.191,0.002,0.004
"Roseburia_unclassified",1,0,0,0,0,0.001,0,0.003,0.455,1,0.004,0,0,0,0,0,1,1,0.988,1,1,1,1,0.008,0.575,0.005,1,0.002,0.002,0.849,1,0,1,1,0.005,0.004,1,0.003,0.004,0.002,0,1,1,0,0,1,0.002,0,0.074,0,0,0.003,0,1,0.011,0,0.002,0.001,1,1,1,0,0,1,1,0,0.001,0.008,1,0.003,0.004,1,0.005,1,1,1,1,0.003,0.006,1,1,1,1,1,0.001,1,1,0.004,1,0,1,1,1,0.002,0,0,0.002,0.01,0.003,0.01,1,0,0,0,0.001,0.001,0.001,0,0.01,0,0.004,0,0.001,1,0,0,0,0,0.004,1,1,1,1,0.517,0.519,0.005,0.002,0,0,0.001,0.002,1,1,0.009,1,0,0.002,1,0,1,1,1,0.011,0.066,0.014,1,1,0.002,1,0,0.191,0.002,0.004
"Rothia_mucilaginosa",1,0,0,0,0,0.001,0,0.003,0.455,1,0.004,0,0,0,0,0,1,1,0.988,1,1,1,1,0.008,0.575,0.005,1,0.002,0.002,0.849,1,0,1,1,0.005,0.004,1,0.003,0.004,0.002,0,1,1,0,0,1,0.002,0,0.074,0,0,0.003,0,1,0.011,0,0.002,0.001,1,1,1,0,0,1,1,0,0.001,0.008,1,0.003,0.004,1,0.005,1,1,1,1,0.003,0.006,1,1,1,1,1,0.001,1,1,0.004,1,0,1,1,1,0.002,0,0,0.002,0.01,0.003,0.01,1,0,0,0,0.001,0.001,0.001,0,0.01,0,0.004,0,0.001,1,0,0,0,0,0.004,1,1,1,1,0.517,0.519,0.005,0.002,0,0,0.001,0.002,1,1,0.009,1,0,0.002,1,0,1,1,1,0.011,0.066,0.014,1,1,0.002,1,0,0.191,0.002,0.004
"Ruminococcus_bromii",1,0,0,0,0,0.001,0,0.003,0.455,1,0.004,0,0,0,0,0,1,1,0.988,1,1,1,1,0.008,0.575,0.005,1,0.002,0.002,0.849,1,0,1,1,0.005,0.004,1,0.003,0.004,0.002,0,1,1,0,0,1,0.002,0,0.074,0,0,0.003,0,1,0.011,0,0.002,0.001,1,1,1,0,0,1,1,0,0.001,0.008,1,0.003,0.004,1,0.005,1,1,1,1,0.003,0.006,1,1,1,1,1,0.001,1,1,0.004,1,0,1,1,1,0.002,0,0,0.002,0.01,0.003,0.01,1,0,0,0,0.001,0.001,0.001,0,0.01,0,0.004,0,0.001,1,0,0,0,0,0.004,1,1,1,1,0.517,0.519,0.005,0.002,0,0,0.001,0.002,1,1,0.009,1,0,0.002,1,0,1,1,1,0.011,0.066,0.014,1,1,0.002,1,0,0.191,0.002,0.004
"Ruminococcus_obeum",0.517,0,0,0,0,0.001,0,0.003,0.922,0.517,0.487,0,0,0,0,0,0.517,0.517,0.529,0.517,0.517,0.517,0.517,0.491,0.898,0.488,0.517,0.002,0.002,0.668,0.517,0,0.517,0.517,0.488,0.487,0.517,0.003,0.487,0.002,0,0.517,0.517,0,0,0.517,0.002,0,0.557,0,0,0.003,0,0.517,0.494,0,0.002,0.001,0.517,0.517,0.517,0,0,0.517,0.517,0,0.001,0.491,0.517,0.003,0.487,0.517,0.488,0.517,0.517,0.517,0.517,0.003,0.489,0.517,0.517,0.517,0.517,0.517,0.001,0.517,0.517,0.487,0.517,0,0.517,0.517,0.517,0.002,0,0,0.002,0.493,0.003,0.493,0.517,0,0,0,0.001,0.001,0.001,0,0.493,0,0.487,0,0.001,0.517,0,0,0,0,0.487,0.517,0.517,0.517,0.517,1,0.978,0.488,0.002,0,0,0.001,0.002,0.517,0.517,0.492,0.517,0,0.002,0.517,0,0.517,0.517,0.517,0.494,0.549,0.497,0.517,0.517,0.002,0.517,0,0.674,0.002,0.482
"Ruminococcus_torques",0.519,0,0,0,0,0.001,0,0.003,0.918,0.519,0.485,0,0,0,0,0,0.519,0.519,0.531,0.519,0.519,0.519,0.519,0.489,0.908,0.486,0.519,0.002,0.002,0.668,0.519,0,0.519,0.519,0.486,0.485,0.519,0.003,0.485,0.002,0,0.519,0.519,0,0,0.519,0.002,0,0.555,0,0,0.003,0,0.519,0.492,0,0.002,0.001,0.519,0.519,0.519,0,0,0.519,0.519,0,0.001,0.489,0.519,0.003,0.485,0.519,0.486,0.519,0.519,0.519,0.519,0.003,0.487,0.519,0.519,0.519,0.519,0.519,0.001,0.519,0.519,0.485,0.519,0,0.519,0.519,0.519,0.002,0,0,0.002,0.491,0.003,0.491,0.519,0,0,0,0.001,0.001,0.001,0,0.491,0,0.485,0,0.001,0.519,0,0,0,0,0.485,0.519,0.519,0.519,0.519,0.978,1,0.486,0.002,0,0,0.001,0.002,0.519,0.519,0.49,0.519,0,0.002,0.519,0,0.519,0.519,0.519,0.492,0.547,0.495,0.519,0.519,0.002,0.519,0,0.672,0.002,0.48
"Slackia_exigua",0.005,0,0,0,0,0.001,0,0.186,0.55,0.005,0.999,0,0,0,0,0,0.005,0.005,0.017,0.005,0.005,0.005,0.005,0.997,0.43,1,0.005,0.006,0.002,0.156,0.005,0,0.005,0.005,1,0.999,0.005,0.188,0.999,0.002,0,0.005,0.005,0,0,0.005,0.006,0,0.931,0,0,0.188,0,0.005,0.994,0,0.002,0.001,0.005,0.005,0.005,0,0,0.005,0.005,0,0.001,0.997,0.005,0.188,0.999,0.005,1,0.005,0.005,0.005,0.005,0.188,0.999,0.005,0.005,0.005,0.005,0.005,0.003,0.005,0.005,0.999,0.005,0,0.005,0.005,0.005,0.002,0,0,0.002,0.995,0.187,0.995,0.005,0,0,0,0.001,0.001,0.001,0,0.995,0,0.999,0,0.001,0.005,0,0,0,0,0.999,0.005,0.005,0.005,0.005,0.488,0.486,1,0.002,0,0,0.001,0.007,0.005,0.005,0.996,0.005,0,0.002,0.005,0,0.005,0.005,0.005,0.994,0.939,0.991,0.005,0.005,0.002,0.005,0,0.814,0.002,0.994
"Slackia_unclassified",0.002,0.188,0,0,0,0.189,0,0.812,0.002,0.002,0.002,0,0,0,0,0,0.002,0.002,0.002,0.002,0.002,0.002,0.002,0.002,0.002,0.002,0.002,0.996,0.998,0.002,0.002,0,0.002,0.002,0.002,0.002,0.002,0.813,0.002,0.998,0,0.002,0.002,0,0,0.002,0.996,0,0.002,0,0,0.813,0.006,0.002,0.002,0,0.19,0.189,0.002,0.002,0.002,0,0,0.002,0.002,0,0.189,0.002,0.002,0.814,0.002,0.002,0.002,0.002,0.002,0.002,0.002,0.813,0.002,0.002,0.002,0.002,0.002,0.002,0.995,0.002,0.002,0.002,0.002,0,0.002,0.002,0.002,1,0,0,0.19,0.002,0.813,0.002,0.002,0,0,0,0.189,0.189,0.189,0,0.002,0,0.002,0,0.189,0.002,0,0.006,0.002,0,0.002,0.002,0.002,0.002,0.002,0.002,0.002,0.002,1,0,0,0.189,0.994,0.002,0.002,0.002,0.002,0,0.999,0.002,0,0.002,0.002,0.002,0.002,0.002,0.002,0.002,0.002,0.999,0.002,0,0.002,0.999,0.007
"Staphylococcus_epidermidis",0,0.001,0.926,0.926,0.969,0,0.005,0,0,0,0,0.999,0.926,0.076,0.076,0.076,0,0,0,0,0,0,0,0,0,0,0,0,0,0,0,0.935,0,0,0,0,0,0,0,0,0.005,0,0,0.997,0.893,0,0,0.999,0,0.492,0.926,0,0.002,0,0,0.005,0,0,0,0,0,0.076,0.926,0,0,0.075,0,0,0,0,0,0,0,0,0,0,0,0,0,0,0,0,0,0,0,0,0,0,0,0.005,0,0,0,0,0.075,0.926,0,0,0,0,0,0.005,0.926,0.005,0,0,0,0.941,0,0.926,0,0.926,0,0,0.927,0.002,0.003,0.005,0,0,0,0,0,0,0,0,0,1,0.005,0,0,0,0,0,0,0.926,0,0,0.005,0,0,0,0,0,0,0,0,0,0,0.075,0,0,0
"Staphylococcus_haemolyticus",0,0.001,0.008,0.008,0.003,0,0.99,0,0,0,0,0.005,0.008,0.002,0.002,0.002,0,0,0,0,0,0,0,0,0,0,0,0,0,0,0,0.007,0,0,0,0,0,0,0,0,1,0,0,0.004,0.041,0,0,0.005,0,0.442,0.008,0,0.994,0,0,1,0,0,0,0,0,0.002,0.008,0,0,0.001,0,0,0,0,0,0,0,0,0,0,0,0,0,0,0,0,0,0,0,0,0,0,0,0.936,0,0,0,0,0.001,0.008,0,0,0,0,0,0.934,0.008,1,0,0,0,0.006,0,0.008,0,0.008,0,0,0.008,0.994,0.997,1,0,0,0,0,0,0,0,0,0,0.005,1,0,0,0,0,0,0,0.008,0,0,1,0,0,0,0,0,0,0,0,0,0,0.001,0,0,0
"Staphylococcus_hominis",0.001,0.999,0,0,0,1,0,0.001,0.001,0.001,0.001,0,0,0,0,0,0.001,0.001,0.001,0.001,0.001,0.001,0.001,0.001,0.001,0.001,0.001,0.185,0.191,0.001,0.001,0,0.001,0.001,0.001,0.001,0.001,0.002,0.001,0.191,0,0.001,0.001,0,0,0.001,0.185,0,0.001,0,0,0.002,0.006,0.001,0.001,0,0.999,1,0.001,0.001,0.001,0,0,0.001,0.001,0,1,0.001,0.001,0.003,0.001,0.001,0.001,0.001,0.001,0.001,0.001,0.002,0.001,0.001,0.001,0.001,0.001,0.001,0.186,0.001,0.001,0.001,0.001,0,0.001,0.001,0.001,0.189,0,0,0.999,0.001,0.002,0.001,0.001,0,0,0,1,1,1,0,0.001,0,0.001,0,1,0.001,0,0.006,0.002,0,0.001,0.001,0.001,0.001,0.001,0.001,0.001,0.001,0.189,0,0,1,0.185,0.001,0.001,0.001,0.001,0,0.19,0.001,0,0.001,0.001,0.001,0.001,0.001,0.001,0.001,0.001,0.19,0.001,0,0.001,0.19,0.001
"Staphylococcus_lugdunensis",0.002,0.184,0,0,0,0.185,0,0.816,0.002,0.002,0.007,0,0,0,0,0,0.002,0.002,0.002,0.002,0.002,0.002,0.002,0.005,0.002,0.007,0.002,0.996,0.994,0.002,0.002,0,0.002,0.002,0.007,0.007,0.002,0.817,0.007,0.994,0,0.002,0.002,0,0,0.002,0.998,0,0.002,0,0,0.817,0.004,0.002,0.002,0,0.186,0.185,0.002,0.002,0.002,0,0,0.002,0.002,0,0.185,0.005,0.002,0.818,0.007,0.002,0.007,0.002,0.002,0.002,0.002,0.817,0.007,0.002,0.002,0.002,0.002,0.002,0.991,0.002,0.002,0.007,0.002,0,0.002,0.002,0.002,0.994,0,0,0.186,0.003,0.817,0.003,0.002,0,0,0,0.185,0.185,0.185,0,0.003,0,0.007,0,0.185,0.002,0,0.004,0.002,0,0.007,0.002,0.002,0.002,0.002,0.002,0.002,0.007,0.994,0,0,0.185,1,0.002,0.002,0.004,0.002,0,0.995,0.002,0,0.002,0.002,0.002,0.002,0.002,0.002,0.002,0.002,0.995,0.002,0,0.002,0.995,0.012
"Staphylococcus_pasteuri",1,0,0,0,0,0.001,0,0.003,0.455,1,0.004,0,0,0,0,0,1,1,0.988,1,1,1,1,0.008,0.575,0.005,1,0.002,0.002,0.849,1,0,1,1,0.005,0.004,1,0.003,0.004,0.002,0,1,1,0,0,1,0.002,0,0.074,0,0,0.003,0,1,0.011,0,0.002,0.001,1,1,1,0,0,1,1,0,0.001,0.008,1,0.003,0.004,1,0.005,1,1,1,1,0.003,0.006,1,1,1,1,1,0.001,1,1,0.004,1,0,1,1,1,0.002,0,0,0.002,0.01,0.003,0.01,1,0,0,0,0.001,0.001,0.001,0,0.01,0,0.004,0,0.001,1,0,0,0,0,0.004,1,1,1,1,0.517,0.519,0.005,0.002,0,0,0.001,0.002,1,1,0.009,1,0,0.002,1,0,1,1,1,0.011,0.066,0.014,1,1,0.002,1,0,0.191,0.002,0.004
"Staphylococcus_pettenkoferi",1,0,0,0,0,0.001,0,0.003,0.455,1,0.004,0,0,0,0,0,1,1,0.988,1,1,1,1,0.008,0.575,0.005,1,0.002,0.002,0.849,1,0,1,1,0.005,0.004,1,0.003,0.004,0.002,0,1,1,0,0,1,0.002,0,0.074,0,0,0.003,0,1,0.011,0,0.002,0.001,1,1,1,0,0,1,1,0,0.001,0.008,1,0.003,0.004,1,0.005,1,1,1,1,0.003,0.006,1,1,1,1,1,0.001,1,1,0.004,1,0,1,1,1,0.002,0,0,0.002,0.01,0.003,0.01,1,0,0,0,0.001,0.001,0.001,0,0.01,0,0.004,0,0.001,1,0,0,0,0,0.004,1,1,1,1,0.517,0.519,0.005,0.002,0,0,0.001,0.002,1,1,0.009,1,0,0.002,1,0,1,1,1,0.011,0.066,0.014,1,1,0.002,1,0,0.191,0.002,0.004
"Staphylococcus_simulans",0.009,0,0,0,0,0.001,0,0.182,0.554,0.009,0.995,0,0,0,0,0,0.009,0.009,0.021,0.009,0.009,0.009,0.009,0.999,0.434,0.996,0.009,0.002,0.002,0.16,0.009,0,0.009,0.009,0.996,0.995,0.009,0.184,0.995,0.002,0,0.009,0.009,0,0,0.009,0.003,0,0.935,0,0,0.184,0,0.009,0.998,0,0.002,0.001,0.009,0.009,0.009,0,0,0.009,0.009,0,0.001,0.999,0.009,0.184,0.995,0.009,0.996,0.009,0.009,0.009,0.009,0.184,0.997,0.009,0.009,0.009,0.009,0.009,0.001,0.009,0.009,0.995,0.009,0,0.009,0.009,0.009,0.002,0,0,0.002,0.999,0.183,0.999,0.009,0,0,0,0.001,0.001,0.001,0,0.999,0,0.995,0,0.001,0.009,0,0,0,0,0.995,0.009,0.009,0.009,0.009,0.492,0.49,0.996,0.002,0,0,0.001,0.004,0.009,0.009,1,0.009,0,0.002,0.009,0,0.009,0.009,0.009,0.998,0.943,0.995,0.009,0.009,0.002,0.009,0,0.818,0.002,0.99
"Staphylococcus_warneri",1,0,0,0,0,0.001,0,0.003,0.455,1,0.004,0,0,0,0,0,1,1,0.988,1,1,1,1,0.008,0.575,0.005,1,0.002,0.002,0.849,1,0,1,1,0.005,0.004,1,0.003,0.004,0.002,0,1,1,0,0,1,0.002,0,0.074,0,0,0.003,0,1,0.011,0,0.002,0.001,1,1,1,0,0,1,1,0,0.001,0.008,1,0.003,0.004,1,0.005,1,1,1,1,0.003,0.006,1,1,1,1,1,0.001,1,1,0.004,1,0,1,1,1,0.002,0,0,0.002,0.01,0.003,0.01,1,0,0,0,0.001,0.001,0.001,0,0.01,0,0.004,0,0.001,1,0,0,0,0,0.004,1,1,1,1,0.517,0.519,0.005,0.002,0,0,0.001,0.002,1,1,0.009,1,0,0.002,1,0,1,1,1,0.011,0.066,0.014,1,1,0.002,1,0,0.191,0.002,0.004
"Stenotrophomonas_maltophilia",0,0.001,1,1,0.895,0,0.018,0,0,0,0,0.925,1,0.002,0.002,0.002,0,0,0,0,0,0,0,0,0,0,0,0,0,0,0,0.991,0,0,0,0,0,0,0,0,0.008,0,0,0.923,0.967,0,0,0.925,0,0.566,1,0,0.002,0,0,0.008,0,0,0,0,0,0.002,1,0,0,0.001,0,0,0,0,0,0,0,0,0,0,0,0,0,0,0,0,0,0,0,0,0,0,0,0.072,0,0,0,0,0.001,1,0,0,0,0,0,0.074,1,0.008,0,0,0,0.985,0,1,0,1,0,0,0.999,0.002,0.005,0.008,0,0,0,0,0,0,0,0,0,0.926,0.008,0,0,0,0,0,0,1,0,0,0.008,0,0,0,0,0,0,0,0,0,0,0.001,0,0,0
"Stenotrophomonas_unclassified",0.002,0.189,0,0,0,0.19,0,0.811,0.002,0.002,0.002,0,0,0,0,0,0.002,0.002,0.002,0.002,0.002,0.002,0.002,0.002,0.002,0.002,0.002,0.995,0.999,0.002,0.002,0,0.002,0.002,0.002,0.002,0.002,0.812,0.002,0.999,0,0.002,0.002,0,0,0.002,0.995,0,0.002,0,0,0.812,0.006,0.002,0.002,0,0.191,0.19,0.002,0.002,0.002,0,0,0.002,0.002,0,0.19,0.002,0.002,0.813,0.002,0.002,0.002,0.002,0.002,0.002,0.002,0.812,0.002,0.002,0.002,0.002,0.002,0.002,0.994,0.002,0.002,0.002,0.002,0,0.002,0.002,0.002,0.999,0,0,0.191,0.002,0.812,0.002,0.002,0,0,0,0.19,0.19,0.19,0,0.002,0,0.002,0,0.19,0.002,0,0.006,0.002,0,0.002,0.002,0.002,0.002,0.002,0.002,0.002,0.002,0.999,0,0,0.19,0.995,0.002,0.002,0.002,0.002,0,1,0.002,0,0.002,0.002,0.002,0.002,0.002,0.002,0.002,0.002,1,0.002,0,0.002,1,0.007
"Streptococcus_agalactiae",1,0,0,0,0,0.001,0,0.003,0.455,1,0.004,0,0,0,0,0,1,1,0.988,1,1,1,1,0.008,0.575,0.005,1,0.002,0.002,0.849,1,0,1,1,0.005,0.004,1,0.003,0.004,0.002,0,1,1,0,0,1,0.002,0,0.074,0,0,0.003,0,1,0.011,0,0.002,0.001,1,1,1,0,0,1,1,0,0.001,0.008,1,0.003,0.004,1,0.005,1,1,1,1,0.003,0.006,1,1,1,1,1,0.001,1,1,0.004,1,0,1,1,1,0.002,0,0,0.002,0.01,0.003,0.01,1,0,0,0,0.001,0.001,0.001,0,0.01,0,0.004,0,0.001,1,0,0,0,0,0.004,1,1,1,1,0.517,0.519,0.005,0.002,0,0,0.001,0.002,1,1,0.009,1,0,0.002,1,0,1,1,1,0.011,0.066,0.014,1,1,0.002,1,0,0.191,0.002,0.004
"Streptococcus_anginosus",0,0.001,0.008,0.008,0.003,0,0.99,0,0,0,0,0.005,0.008,0.002,0.002,0.002,0,0,0,0,0,0,0,0,0,0,0,0,0,0,0,0.007,0,0,0,0,0,0,0,0,1,0,0,0.004,0.041,0,0,0.005,0,0.442,0.008,0,0.994,0,0,1,0,0,0,0,0,0.002,0.008,0,0,0.001,0,0,0,0,0,0,0,0,0,0,0,0,0,0,0,0,0,0,0,0,0,0,0,0.936,0,0,0,0,0.001,0.008,0,0,0,0,0,0.934,0.008,1,0,0,0,0.006,0,0.008,0,0.008,0,0,0.008,0.994,0.997,1,0,0,0,0,0,0,0,0,0,0.005,1,0,0,0,0,0,0,0.008,0,0,1,0,0,0,0,0,0,0,0,0,0,0.001,0,0,0
"Streptococcus_constellatus",1,0,0,0,0,0.001,0,0.003,0.455,1,0.004,0,0,0,0,0,1,1,0.988,1,1,1,1,0.008,0.575,0.005,1,0.002,0.002,0.849,1,0,1,1,0.005,0.004,1,0.003,0.004,0.002,0,1,1,0,0,1,0.002,0,0.074,0,0,0.003,0,1,0.011,0,0.002,0.001,1,1,1,0,0,1,1,0,0.001,0.008,1,0.003,0.004,1,0.005,1,1,1,1,0.003,0.006,1,1,1,1,1,0.001,1,1,0.004,1,0,1,1,1,0.002,0,0,0.002,0.01,0.003,0.01,1,0,0,0,0.001,0.001,0.001,0,0.01,0,0.004,0,0.001,1,0,0,0,0,0.004,1,1,1,1,0.517,0.519,0.005,0.002,0,0,0.001,0.002,1,1,0.009,1,0,0.002,1,0,1,1,1,0.011,0.066,0.014,1,1,0.002,1,0,0.191,0.002,0.004
"Streptococcus_infantis",1,0,0,0,0,0.001,0,0.003,0.455,1,0.004,0,0,0,0,0,1,1,0.988,1,1,1,1,0.008,0.575,0.005,1,0.002,0.002,0.849,1,0,1,1,0.005,0.004,1,0.003,0.004,0.002,0,1,1,0,0,1,0.002,0,0.074,0,0,0.003,0,1,0.011,0,0.002,0.001,1,1,1,0,0,1,1,0,0.001,0.008,1,0.003,0.004,1,0.005,1,1,1,1,0.003,0.006,1,1,1,1,1,0.001,1,1,0.004,1,0,1,1,1,0.002,0,0,0.002,0.01,0.003,0.01,1,0,0,0,0.001,0.001,0.001,0,0.01,0,0.004,0,0.001,1,0,0,0,0,0.004,1,1,1,1,0.517,0.519,0.005,0.002,0,0,0.001,0.002,1,1,0.009,1,0,0.002,1,0,1,1,1,0.011,0.066,0.014,1,1,0.002,1,0,0.191,0.002,0.004
"Streptococcus_intermedius",1,0,0,0,0,0.001,0,0.003,0.455,1,0.004,0,0,0,0,0,1,1,0.988,1,1,1,1,0.008,0.575,0.005,1,0.002,0.002,0.849,1,0,1,1,0.005,0.004,1,0.003,0.004,0.002,0,1,1,0,0,1,0.002,0,0.074,0,0,0.003,0,1,0.011,0,0.002,0.001,1,1,1,0,0,1,1,0,0.001,0.008,1,0.003,0.004,1,0.005,1,1,1,1,0.003,0.006,1,1,1,1,1,0.001,1,1,0.004,1,0,1,1,1,0.002,0,0,0.002,0.01,0.003,0.01,1,0,0,0,0.001,0.001,0.001,0,0.01,0,0.004,0,0.001,1,0,0,0,0,0.004,1,1,1,1,0.517,0.519,0.005,0.002,0,0,0.001,0.002,1,1,0.009,1,0,0.002,1,0,1,1,1,0.011,0.066,0.014,1,1,0.002,1,0,0.191,0.002,0.004
"Streptococcus_mitis_oralis_pneumoniae",0.011,0,0,0,0,0.001,0,0.18,0.556,0.011,0.993,0,0,0,0,0,0.011,0.011,0.023,0.011,0.011,0.011,0.011,0.997,0.436,0.994,0.011,0.002,0.002,0.162,0.011,0,0.011,0.011,0.994,0.993,0.011,0.182,0.993,0.002,0,0.011,0.011,0,0,0.011,0.002,0,0.937,0,0,0.182,0,0.011,1,0,0.002,0.001,0.011,0.011,0.011,0,0,0.011,0.011,0,0.001,0.997,0.011,0.182,0.993,0.011,0.994,0.011,0.011,0.011,0.011,0.182,0.995,0.011,0.011,0.011,0.011,0.011,0.001,0.011,0.011,0.993,0.011,0,0.011,0.011,0.011,0.002,0,0,0.002,0.999,0.181,0.999,0.011,0,0,0,0.001,0.001,0.001,0,0.999,0,0.993,0,0.001,0.011,0,0,0,0,0.993,0.011,0.011,0.011,0.011,0.494,0.492,0.994,0.002,0,0,0.001,0.002,0.011,0.011,0.998,0.011,0,0.002,0.011,0,0.011,0.011,0.011,1,0.945,0.997,0.011,0.011,0.002,0.011,0,0.82,0.002,0.988
"Streptococcus_parasanguinis",0.066,0,0,0,0,0.001,0,0.128,0.611,0.066,0.938,0,0,0,0,0,0.066,0.066,0.078,0.066,0.066,0.066,0.066,0.942,0.491,0.939,0.066,0.002,0.002,0.217,0.066,0,0.066,0.066,0.939,0.938,0.066,0.128,0.938,0.002,0,0.066,0.066,0,0,0.066,0.002,0,0.908,0,0,0.128,0,0.066,0.945,0,0.002,0.001,0.066,0.066,0.066,0,0,0.066,0.066,0,0.001,0.942,0.066,0.128,0.938,0.066,0.939,0.066,0.066,0.066,0.066,0.128,0.94,0.066,0.066,0.066,0.066,0.066,0.001,0.066,0.066,0.938,0.066,0,0.066,0.066,0.066,0.002,0,0,0.002,0.944,0.128,0.944,0.066,0,0,0,0.001,0.001,0.001,0,0.944,0,0.938,0,0.001,0.066,0,0,0,0,0.938,0.066,0.066,0.066,0.066,0.549,0.547,0.939,0.002,0,0,0.001,0.002,0.066,0.066,0.943,0.066,0,0.002,0.066,0,0.066,0.066,0.066,0.945,1,0.948,0.066,0.066,0.002,0.066,0,0.875,0.002,0.933
"Streptococcus_salivarius",0.014,0,0,0,0,0.001,0,0.177,0.559,0.014,0.99,0,0,0,0,0,0.014,0.014,0.026,0.014,0.014,0.014,0.014,0.994,0.439,0.991,0.014,0.002,0.002,0.165,0.014,0,0.014,0.014,0.991,0.99,0.014,0.179,0.99,0.002,0,0.014,0.014,0,0,0.014,0.002,0,0.936,0,0,0.179,0,0.014,0.997,0,0.002,0.001,0.014,0.014,0.014,0,0,0.014,0.014,0,0.001,0.994,0.014,0.179,0.99,0.014,0.991,0.014,0.014,0.014,0.014,0.179,0.992,0.014,0.014,0.014,0.014,0.014,0.001,0.014,0.014,0.99,0.014,0,0.014,0.014,0.014,0.002,0,0,0.002,0.996,0.178,0.996,0.014,0,0,0,0.001,0.001,0.001,0,0.996,0,0.99,0,0.001,0.014,0,0,0,0,0.99,0.014,0.014,0.014,0.014,0.497,0.495,0.991,0.002,0,0,0.001,0.002,0.014,0.014,0.995,0.014,0,0.002,0.014,0,0.014,0.014,0.014,0.997,0.948,1,0.014,0.014,0.002,0.014,0,0.823,0.002,0.985
"Streptococcus_thermophilus",1,0,0,0,0,0.001,0,0.003,0.455,1,0.004,0,0,0,0,0,1,1,0.988,1,1,1,1,0.008,0.575,0.005,1,0.002,0.002,0.849,1,0,1,1,0.005,0.004,1,0.003,0.004,0.002,0,1,1,0,0,1,0.002,0,0.074,0,0,0.003,0,1,0.011,0,0.002,0.001,1,1,1,0,0,1,1,0,0.001,0.008,1,0.003,0.004,1,0.005,1,1,1,1,0.003,0.006,1,1,1,1,1,0.001,1,1,0.004,1,0,1,1,1,0.002,0,0,0.002,0.01,0.003,0.01,1,0,0,0,0.001,0.001,0.001,0,0.01,0,0.004,0,0.001,1,0,0,0,0,0.004,1,1,1,1,0.517,0.519,0.005,0.002,0,0,0.001,0.002,1,1,0.009,1,0,0.002,1,0,1,1,1,0.011,0.066,0.014,1,1,0.002,1,0,0.191,0.002,0.004
"Streptococcus_vestibularis",1,0,0,0,0,0.001,0,0.003,0.455,1,0.004,0,0,0,0,0,1,1,0.988,1,1,1,1,0.008,0.575,0.005,1,0.002,0.002,0.849,1,0,1,1,0.005,0.004,1,0.003,0.004,0.002,0,1,1,0,0,1,0.002,0,0.074,0,0,0.003,0,1,0.011,0,0.002,0.001,1,1,1,0,0,1,1,0,0.001,0.008,1,0.003,0.004,1,0.005,1,1,1,1,0.003,0.006,1,1,1,1,1,0.001,1,1,0.004,1,0,1,1,1,0.002,0,0,0.002,0.01,0.003,0.01,1,0,0,0,0.001,0.001,0.001,0,0.01,0,0.004,0,0.001,1,0,0,0,0,0.004,1,1,1,1,0.517,0.519,0.005,0.002,0,0,0.001,0.002,1,1,0.009,1,0,0.002,1,0,1,1,1,0.011,0.066,0.014,1,1,0.002,1,0,0.191,0.002,0.004
"Subdoligranulum_unclassified",0.002,0.189,0,0,0,0.19,0,0.811,0.002,0.002,0.002,0,0,0,0,0,0.002,0.002,0.002,0.002,0.002,0.002,0.002,0.002,0.002,0.002,0.002,0.995,0.999,0.002,0.002,0,0.002,0.002,0.002,0.002,0.002,0.812,0.002,0.999,0,0.002,0.002,0,0,0.002,0.995,0,0.002,0,0,0.812,0.006,0.002,0.002,0,0.191,0.19,0.002,0.002,0.002,0,0,0.002,0.002,0,0.19,0.002,0.002,0.813,0.002,0.002,0.002,0.002,0.002,0.002,0.002,0.812,0.002,0.002,0.002,0.002,0.002,0.002,0.994,0.002,0.002,0.002,0.002,0,0.002,0.002,0.002,0.999,0,0,0.191,0.002,0.812,0.002,0.002,0,0,0,0.19,0.19,0.19,0,0.002,0,0.002,0,0.19,0.002,0,0.006,0.002,0,0.002,0.002,0.002,0.002,0.002,0.002,0.002,0.002,0.999,0,0,0.19,0.995,0.002,0.002,0.002,0.002,0,1,0.002,0,0.002,0.002,0.002,0.002,0.002,0.002,0.002,0.002,1,0.002,0,0.002,1,0.007
"Ureaplasma_parvum",1,0,0,0,0,0.001,0,0.003,0.455,1,0.004,0,0,0,0,0,1,1,0.988,1,1,1,1,0.008,0.575,0.005,1,0.002,0.002,0.849,1,0,1,1,0.005,0.004,1,0.003,0.004,0.002,0,1,1,0,0,1,0.002,0,0.074,0,0,0.003,0,1,0.011,0,0.002,0.001,1,1,1,0,0,1,1,0,0.001,0.008,1,0.003,0.004,1,0.005,1,1,1,1,0.003,0.006,1,1,1,1,1,0.001,1,1,0.004,1,0,1,1,1,0.002,0,0,0.002,0.01,0.003,0.01,1,0,0,0,0.001,0.001,0.001,0,0.01,0,0.004,0,0.001,1,0,0,0,0,0.004,1,1,1,1,0.517,0.519,0.005,0.002,0,0,0.001,0.002,1,1,0.009,1,0,0.002,1,0,1,1,1,0.011,0.066,0.014,1,1,0.002,1,0,0.191,0.002,0.004
"Varibaculum_cambriense",0,0.001,0.001,0.001,0.106,0,0.001,0,0,0,0,0.076,0.001,0.999,0.999,0.999,0,0,0,0,0,0,0,0,0,0,0,0,0,0,0,0.01,0,0,0,0,0,0,0,0,0.001,0,0,0.078,0.001,0,0,0.076,0,0.001,0.001,0,0.001,0,0,0.001,0,0,0,0,0,0.999,0.001,0,0,1,0,0,0,0,0,0,0,0,0,0,0,0,0,0,0,0,0,0,0,0,0,0,0,0.001,0,0,0,0,1,0.001,0,0,0,0,0,0.001,0.001,0.001,0,0,0,0.016,0,0.001,0,0.001,0,0,0.002,0.001,0.001,0.001,0,0,0,0,0,0,0,0,0,0.075,0.001,0,0,0,0,0,0,0.001,0,0,0.001,0,0,0,0,0,0,0,0,0,0,1,0,0,0
"Veillonella_atypica",0.191,0,0,0,0,0.001,0,0.003,0.736,0.191,0.813,0,0,0,0,0,0.191,0.191,0.203,0.191,0.191,0.191,0.191,0.817,0.616,0.814,0.191,0.002,0.002,0.342,0.191,0,0.191,0.191,0.814,0.813,0.191,0.003,0.813,0.002,0,0.191,0.191,0,0,0.191,0.002,0,0.883,0,0,0.003,0,0.191,0.82,0,0.002,0.001,0.191,0.191,0.191,0,0,0.191,0.191,0,0.001,0.817,0.191,0.003,0.813,0.191,0.814,0.191,0.191,0.191,0.191,0.003,0.815,0.191,0.191,0.191,0.191,0.191,0.001,0.191,0.191,0.813,0.191,0,0.191,0.191,0.191,0.002,0,0,0.002,0.819,0.003,0.819,0.191,0,0,0,0.001,0.001,0.001,0,0.819,0,0.813,0,0.001,0.191,0,0,0,0,0.813,0.191,0.191,0.191,0.191,0.674,0.672,0.814,0.002,0,0,0.001,0.002,0.191,0.191,0.818,0.191,0,0.002,0.191,0,0.191,0.191,0.191,0.82,0.875,0.823,0.191,0.191,0.002,0.191,0,1,0.002,0.808
"Veillonella_parvula",0.002,0.189,0,0,0,0.19,0,0.811,0.002,0.002,0.002,0,0,0,0,0,0.002,0.002,0.002,0.002,0.002,0.002,0.002,0.002,0.002,0.002,0.002,0.995,0.999,0.002,0.002,0,0.002,0.002,0.002,0.002,0.002,0.812,0.002,0.999,0,0.002,0.002,0,0,0.002,0.995,0,0.002,0,0,0.812,0.006,0.002,0.002,0,0.191,0.19,0.002,0.002,0.002,0,0,0.002,0.002,0,0.19,0.002,0.002,0.813,0.002,0.002,0.002,0.002,0.002,0.002,0.002,0.812,0.002,0.002,0.002,0.002,0.002,0.002,0.994,0.002,0.002,0.002,0.002,0,0.002,0.002,0.002,0.999,0,0,0.191,0.002,0.812,0.002,0.002,0,0,0,0.19,0.19,0.19,0,0.002,0,0.002,0,0.19,0.002,0,0.006,0.002,0,0.002,0.002,0.002,0.002,0.002,0.002,0.002,0.002,0.999,0,0,0.19,0.995,0.002,0.002,0.002,0.002,0,1,0.002,0,0.002,0.002,0.002,0.002,0.002,0.002,0.002,0.002,1,0.002,0,0.002,1,0.007
"Veillonella_unclassified",0.004,0,0,0,0,0.001,0,0.192,0.544,0.004,0.995,0,0,0,0,0,0.004,0.004,0.013,0.004,0.004,0.004,0.004,0.991,0.424,0.994,0.004,0.011,0.007,0.151,0.004,0,0.004,0.004,0.994,0.995,0.004,0.194,0.995,0.007,0,0.004,0.004,0,0,0.004,0.011,0,0.925,0,0,0.194,0,0.004,0.988,0,0.002,0.001,0.004,0.004,0.004,0,0,0.004,0.004,0,0.001,0.991,0.004,0.193,0.995,0.004,0.994,0.004,0.004,0.004,0.004,0.194,0.993,0.004,0.004,0.004,0.004,0.004,0.009,0.004,0.004,0.995,0.004,0,0.004,0.004,0.004,0.007,0,0,0.002,0.989,0.193,0.989,0.004,0,0,0,0.001,0.001,0.001,0,0.989,0,0.995,0,0.001,0.004,0,0,0,0,0.995,0.004,0.004,0.004,0.004,0.482,0.48,0.994,0.007,0,0,0.001,0.012,0.004,0.004,0.99,0.004,0,0.007,0.004,0,0.004,0.004,0.004,0.988,0.933,0.985,0.004,0.004,0.007,0.004,0,0.808,0.007,1
